label,evaluated_labels,mean_evidence_score,changed_rate,gray_zone_rate,mean_positive_mentions,mean_negative_mentions,contradiction_rate
Atelectasis,248,4.366935483870968,0.2217741935483871,0.4596774193548387,6.625,0.036290322580645164,0.0
Cardiomegaly,197,3.8984771573604062,0.12690355329949238,0.41116751269035534,3.487309644670051,0.015228426395939087,0.0
Consolidation,299,4.190635451505017,0.1705685618729097,0.40468227424749165,6.0602006688963215,0.35451505016722407,0.020066889632107024
Edema,279,4.311827956989247,0.2222222222222222,0.3763440860215054,8.057347670250897,0.2616487455197133,0.0035842293906810036
Enlarged Cardiomediastinum,201,2.72636815920398,0.0,0.2935323383084577,0.04975124378109453,0.0,0.0
Fracture,218,3.536697247706422,0.11926605504587157,0.4541284403669725,2.3944954128440368,0.05504587155963303,0.0
Lung Lesion,214,3.532710280373832,0.08411214953271028,0.3411214953271028,2.1588785046728973,0.04205607476635514,0.0
Lung Opacity,384,4.145833333333333,0.1640625,0.3541666666666667,5.09375,0.1953125,0.0026041666666666665
Pleural Effusion,299,4.331103678929765,0.1505016722408027,0.35785953177257523,11.933110367892976,0.4280936454849498,0.006688963210702341
Pleural Other,179,3.463687150837989,0.055865921787709494,0.36312849162011174,1.770949720670391,0.00558659217877095,0.0
Pneumonia,316,3.5537974683544302,0.056962025316455694,0.3575949367088608,2.2753164556962027,0.0759493670886076,0.0
Pneumothorax,155,3.4387096774193546,0.09032258064516129,0.34838709677419355,8.083870967741936,2.870967741935484,0.14193548387096774
