label,examples,positives,negatives,auroc,average_precision
Pneumothorax,906,89,817,0.8305736250739207,0.4145057249660092
Lung Lesion,906,67,839,0.8188853112269404,0.3169111412278269
Cardiomegaly,906,100,806,0.7982568238213399,0.4195094161116336
Pleural Other,906,63,843,0.7967481971040691,0.23205593084903922
Pleural Effusion,906,241,665,0.7616541353383459,0.5841607928246164
Lung Opacity,906,257,649,0.7418027135431343,0.5836019083103732
Fracture,906,71,835,0.7407860335666695,0.24944239920313577
Consolidation,906,87,819,0.7352532524946318,0.2632250796289911
Enlarged Cardiomediastinum,906,63,843,0.7082886139825642,0.1788163970889987
Atelectasis,906,92,814,0.7045721610939002,0.22981843875195007
Pneumonia,906,63,843,0.7034118510986838,0.1477064938534102
Edema,906,121,785,0.6929883665841975,0.311616349349321
