study_key,policy,policy_raw,overall_evidence_score,predicted_label_count,label_detail_count,supporting_snippet_count,contradicting_snippet_count
patient00689/study1,evidence_verification_without_LLM,evidence_verification_policy_v1,1,0,0,0,0
patient00689/study10,evidence_verification_without_LLM,evidence_verification_policy_v1,1,0,0,0,0
patient00689/study11,evidence_verification_without_LLM,evidence_verification_policy_v1,1,0,0,0,0
patient00689/study12,evidence_verification_without_LLM,evidence_verification_policy_v1,1,0,0,0,0
patient00877/study1,llm_evidence_verification,llm_evidence_verification_review_v1,4,7,7,8,0
patient00877/study13,evidence_verification_without_LLM,evidence_verification_policy_v1,4,11,11,8,3
patient00877/study7,llm_evidence_verification,llm_evidence_verification_review_v1,4,7,7,8,0
patient00877/study9,llm_evidence_verification,llm_evidence_verification_review_v1,4,8,8,8,0
patient00974/study3,evidence_verification_without_LLM,evidence_verification_policy_v1,1,0,0,0,0
patient00980/study7,llm_evidence_verification,llm_evidence_verification_review_v1,4,9,9,8,0
patient01239/study10,evidence_verification_without_LLM,evidence_verification_policy_v1,1,0,0,0,0
patient01239/study7,evidence_verification_without_LLM,evidence_verification_policy_v1,1,0,0,0,0
patient01239/study9,evidence_verification_without_LLM,evidence_verification_policy_v1,1,0,0,0,0
patient01384/study1,llm_evidence_verification,llm_evidence_verification_review_v1,3,9,9,8,1
patient01630/study1,evidence_verification_without_LLM,evidence_verification_policy_v1,1,0,0,0,0
patient01630/study10,evidence_verification_without_LLM,evidence_verification_policy_v1,1,0,0,0,0
patient01630/study2,evidence_verification_without_LLM,evidence_verification_policy_v1,1,0,0,0,0
patient01630/study3,evidence_verification_without_LLM,evidence_verification_policy_v1,1,0,0,0,0
patient01658/study1,evidence_verification_without_LLM,evidence_verification_policy_v1,1,0,0,0,0
patient01658/study2,llm_evidence_verification,llm_evidence_verification_review_v1,4,9,9,8,5
patient02001/study22,llm_evidence_verification,llm_evidence_verification_review_v1,4,11,11,8,3
patient02001/study3,llm_evidence_verification,llm_evidence_verification_review_v1,4,9,9,8,2
patient02001/study4,llm_evidence_verification,llm_evidence_verification_review_v1,4,10,10,8,1
patient02001/study6,llm_evidence_verification,llm_evidence_verification_review_v1,4,2,2,5,0
patient02261/study1,evidence_verification_without_LLM,evidence_verification_policy_v1,1,0,0,0,0
patient02261/study2,llm_evidence_verification,llm_evidence_verification_review_v1,3,1,1,3,0
patient02261/study3,evidence_verification_without_LLM,evidence_verification_policy_v1,1,0,0,0,0
patient02298/study2,llm_evidence_verification,llm_evidence_verification_review_v1,3,3,3,6,3
patient02298/study3,llm_evidence_verification,llm_evidence_verification_review_v1,4,7,7,8,2
patient02298/study4,llm_evidence_verification,llm_evidence_verification_review_v1,4,11,11,8,4
patient02303/study1,evidence_verification_without_LLM,evidence_verification_policy_v1,1,0,0,0,0
patient02314/study7,llm_evidence_verification,llm_evidence_verification_review_v1,4,7,7,8,0
patient02320/study8,evidence_verification_without_LLM,evidence_verification_policy_v1,1,0,0,0,0
patient02378/study1,llm_evidence_verification,llm_evidence_verification_review_v1,4,9,9,8,3
patient02378/study10,llm_evidence_verification,llm_evidence_verification_review_v1,4,3,3,8,2
patient02378/study11,evidence_verification_without_LLM,evidence_verification_policy_v1,1,0,0,0,0
patient02378/study12,evidence_verification_without_LLM,evidence_verification_policy_v1,1,0,0,0,0
patient02512/study1,llm_evidence_verification,llm_evidence_verification_review_v1,4,2,2,6,0
patient02590/study3,llm_evidence_verification,llm_evidence_verification_review_v1,4,7,7,8,2
patient02894/study1,llm_evidence_verification,llm_evidence_verification_review_v1,4,7,7,8,4
patient02946/study1,evidence_verification_without_LLM,evidence_verification_policy_v1,1,0,0,0,0
patient02946/study10,evidence_verification_without_LLM,evidence_verification_policy_v1,1,0,0,0,0
patient02946/study11,evidence_verification_without_LLM,evidence_verification_policy_v1,1,0,0,0,0
patient02946/study2,evidence_verification_without_LLM,evidence_verification_policy_v1,1,0,0,0,0
patient02999/study1,evidence_verification_without_LLM,evidence_verification_policy_v1,1,0,0,0,0
patient02999/study10,llm_evidence_verification,llm_evidence_verification_review_v1,4,2,2,6,0
patient02999/study11,llm_evidence_verification,llm_evidence_verification_review_v1,4,1,1,3,0
patient02999/study2,llm_evidence_verification,llm_evidence_verification_review_v1,3,7,7,8,0
patient03138/study11,llm_evidence_verification,llm_evidence_verification_review_v1,4,7,7,8,1
patient03387/study1,evidence_verification_without_LLM,evidence_verification_policy_v1,1,0,0,0,0
patient03387/study10,llm_evidence_verification,llm_evidence_verification_review_v1,4,9,9,8,0
patient03387/study11,llm_evidence_verification,llm_evidence_verification_review_v1,4,1,1,3,0
patient03387/study2,evidence_verification_without_LLM,evidence_verification_policy_v1,4,6,6,8,2
patient03443/study1,evidence_verification_without_LLM,evidence_verification_policy_v1,1,0,0,0,0
patient03443/study10,evidence_verification_without_LLM,evidence_verification_policy_v1,1,0,0,0,0
patient03443/study11,llm_evidence_verification,llm_evidence_verification_review_v1,3,3,3,8,0
patient03443/study2,llm_evidence_verification,llm_evidence_verification_review_v1,4,4,4,8,0
patient03478/study1,evidence_verification_without_LLM,evidence_verification_policy_v1,1,0,0,0,0
patient03478/study10,evidence_verification_without_LLM,evidence_verification_policy_v1,1,0,0,0,0
patient03478/study11,llm_evidence_verification,llm_evidence_verification_review_v1,4,5,5,8,1
patient03478/study12,llm_evidence_verification,llm_evidence_verification_review_v1,4,6,6,8,1
patient03532/study12,llm_evidence_verification,llm_evidence_verification_review_v1,4,1,1,3,0
patient03532/study18,llm_evidence_verification,llm_evidence_verification_review_v1,4,10,10,8,3
patient03532/study3,evidence_verification_without_LLM,evidence_verification_policy_v1,1,0,0,0,0
patient03567/study1,evidence_verification_without_LLM,evidence_verification_policy_v1,1,0,0,0,0
patient03567/study10,evidence_verification_without_LLM,evidence_verification_policy_v1,1,0,0,0,0
patient03567/study11,evidence_verification_without_LLM,evidence_verification_policy_v1,1,0,0,0,0
patient03567/study12,evidence_verification_without_LLM,evidence_verification_policy_v1,1,0,0,0,0
patient03655/study1,llm_evidence_verification,llm_evidence_verification_review_v1,4,6,6,8,4
patient03655/study10,evidence_verification_without_LLM,evidence_verification_policy_v1,1,0,0,0,0
patient03655/study11,evidence_verification_without_LLM,evidence_verification_policy_v1,1,0,0,0,0
patient03655/study12,evidence_verification_without_LLM,evidence_verification_policy_v1,1,0,0,0,0
patient04335/study1,llm_evidence_verification,llm_evidence_verification_review_v1,4,3,3,6,0
patient04335/study10,llm_evidence_verification,llm_evidence_verification_review_v1,4,2,2,6,0
patient04335/study11,llm_evidence_verification,llm_evidence_verification_review_v1,4,3,3,8,2
patient04335/study12,llm_evidence_verification,llm_evidence_verification_review_v1,4,6,6,8,4
patient04462/study20,evidence_verification_without_LLM,evidence_verification_policy_v1,1,0,0,0,0
patient04462/study36,llm_evidence_verification,llm_evidence_verification_review_v1,3,1,1,3,3
patient04462/study39,llm_evidence_verification,llm_evidence_verification_review_v1,3,1,1,3,2
patient04462/study53,evidence_verification_without_LLM,evidence_verification_policy_v1,1,0,0,0,0
patient04968/study11,evidence_verification_without_LLM,evidence_verification_policy_v1,1,0,0,0,0
patient05047/study1,llm_evidence_verification,llm_evidence_verification_review_v1,4,2,2,6,1
patient05047/study10,llm_evidence_verification,llm_evidence_verification_review_v1,3,1,1,1,0
patient05047/study2,llm_evidence_verification,llm_evidence_verification_review_v1,4,7,7,8,3
patient05047/study3,llm_evidence_verification,llm_evidence_verification_review_v1,4,4,4,8,4
patient05066/study1,evidence_verification_without_LLM,evidence_verification_policy_v1,1,0,0,0,0
patient05066/study10,llm_evidence_verification,llm_evidence_verification_review_v1,4,9,9,8,0
patient05066/study2,evidence_verification_without_LLM,evidence_verification_policy_v1,1,0,0,0,0
patient05066/study3,llm_evidence_verification,llm_evidence_verification_review_v1,4,6,6,8,3
patient05078/study1,llm_evidence_verification,llm_evidence_verification_review_v1,4,8,8,8,3
patient05115/study1,llm_evidence_verification,llm_evidence_verification_review_v1,3,5,5,8,4
patient05115/study10,evidence_verification_without_LLM,evidence_verification_policy_v1,1,0,0,0,0
patient05115/study11,evidence_verification_without_LLM,evidence_verification_policy_v1,1,0,0,0,0
patient05115/study2,evidence_verification_without_LLM,evidence_verification_policy_v1,4,3,3,8,2
patient05324/study1,llm_evidence_verification,llm_evidence_verification_review_v1,4,6,6,8,2
patient05392/study1,evidence_verification_without_LLM,evidence_verification_policy_v1,1,0,0,0,0
patient05392/study10,evidence_verification_without_LLM,evidence_verification_policy_v1,1,0,0,0,0
patient05392/study11,evidence_verification_without_LLM,evidence_verification_policy_v1,1,0,0,0,0
patient05392/study12,evidence_verification_without_LLM,evidence_verification_policy_v1,1,0,0,0,0
patient05433/study1,llm_evidence_verification,llm_evidence_verification_review_v1,3,4,4,8,0
patient05433/study10,evidence_verification_without_LLM,evidence_verification_policy_v1,1,0,0,0,0
patient05433/study11,llm_evidence_verification,llm_evidence_verification_review_v1,4,2,2,6,0
patient05433/study12,evidence_verification_without_LLM,evidence_verification_policy_v1,1,0,0,0,0
patient05551/study1,llm_evidence_verification,llm_evidence_verification_review_v1,4,10,10,8,1
patient05551/study2,llm_evidence_verification,llm_evidence_verification_review_v1,4,9,9,8,1
patient05551/study3,evidence_verification_without_LLM,evidence_verification_policy_v1,4,11,11,8,1
patient05551/study4,llm_evidence_verification,llm_evidence_verification_review_v1,4,11,11,8,1
patient05759/study2,llm_evidence_verification,llm_evidence_verification_review_v1,4,8,8,8,0
patient05759/study4,llm_evidence_verification,llm_evidence_verification_review_v1,4,7,7,8,1
patient05804/study10,evidence_verification_without_LLM,evidence_verification_policy_v1,1,0,0,0,0
patient05804/study11,llm_evidence_verification,llm_evidence_verification_review_v1,4,1,1,3,0
patient05804/study17,evidence_verification_without_LLM,evidence_verification_policy_v1,1,0,0,0,0
patient05804/study19,llm_evidence_verification,llm_evidence_verification_review_v1,4,3,3,8,0
patient06014/study1,llm_evidence_verification,llm_evidence_verification_review_v1,4,2,2,6,0
patient06014/study10,evidence_verification_without_LLM,evidence_verification_policy_v1,1,0,0,0,0
patient06014/study11,evidence_verification_without_LLM,evidence_verification_policy_v1,4,6,6,8,4
patient06014/study2,llm_evidence_verification,llm_evidence_verification_review_v1,4,2,2,6,0
patient07366/study12,llm_evidence_verification,llm_evidence_verification_review_v1,4,11,11,8,5
patient07366/study4,llm_evidence_verification,llm_evidence_verification_review_v1,4,1,1,3,0
patient07366/study6,llm_evidence_verification,llm_evidence_verification_review_v1,4,9,9,8,1
patient07366/study7,llm_evidence_verification,llm_evidence_verification_review_v1,4,7,7,8,0
patient07564/study1,evidence_verification_without_LLM,evidence_verification_policy_v1,1,0,0,0,0
patient07564/study10,evidence_verification_without_LLM,evidence_verification_policy_v1,1,0,0,0,0
patient07564/study2,llm_evidence_verification,llm_evidence_verification_review_v1,3,1,1,0,0
patient07564/study3,llm_evidence_verification,llm_evidence_verification_review_v1,4,2,2,5,1
patient07815/study1,llm_evidence_verification,llm_evidence_verification_review_v1,4,11,11,8,3
patient07815/study9,llm_evidence_verification,llm_evidence_verification_review_v1,4,7,7,8,2
patient08463/study4,llm_evidence_verification,llm_evidence_verification_review_v1,3,12,12,8,8
patient08464/study1,llm_evidence_verification,llm_evidence_verification_review_v1,4,3,3,8,0
patient08464/study10,llm_evidence_verification,llm_evidence_verification_review_v1,3,1,1,3,2
patient08464/study2,evidence_verification_without_LLM,evidence_verification_policy_v1,1,0,0,0,0
patient08464/study3,llm_evidence_verification,llm_evidence_verification_review_v1,4,3,3,4,0
patient08668/study1,llm_evidence_verification,llm_evidence_verification_review_v1,4,4,4,8,0
patient08668/study10,evidence_verification_without_LLM,evidence_verification_policy_v1,1,0,0,0,0
patient08668/study2,evidence_verification_without_LLM,evidence_verification_policy_v1,1,0,0,0,0
patient08668/study3,evidence_verification_without_LLM,evidence_verification_policy_v1,1,0,0,0,0
patient08710/study1,llm_evidence_verification,llm_evidence_verification_review_v1,4,1,1,3,0
patient08762/study1,llm_evidence_verification,llm_evidence_verification_review_v1,4,11,11,8,3
patient08959/study2,llm_evidence_verification,llm_evidence_verification_review_v1,4,5,5,8,1
patient09010/study10,llm_evidence_verification,llm_evidence_verification_review_v1,4,12,12,8,3
patient09010/study11,llm_evidence_verification,llm_evidence_verification_review_v1,4,11,11,8,3
patient09010/study5,llm_evidence_verification,llm_evidence_verification_review_v1,4,6,6,8,2
patient09010/study6,llm_evidence_verification,llm_evidence_verification_review_v1,4,8,8,8,3
patient09160/study1,llm_evidence_verification,llm_evidence_verification_review_v1,4,8,8,8,2
patient09160/study2,llm_evidence_verification,llm_evidence_verification_review_v1,4,11,11,8,0
patient09647/study6,llm_evidence_verification,llm_evidence_verification_review_v1,4,11,11,8,1
patient09760/study4,llm_evidence_verification,llm_evidence_verification_review_v1,4,8,8,8,2
patient10245/study1,llm_evidence_verification,llm_evidence_verification_review_v1,2,1,1,0,0
patient10684/study1,llm_evidence_verification,llm_evidence_verification_review_v1,4,6,6,8,1
patient10684/study3,llm_evidence_verification,llm_evidence_verification_review_v1,4,8,8,8,2
patient10780/study1,evidence_verification_without_LLM,evidence_verification_policy_v1,1,0,0,0,0
patient10780/study10,llm_evidence_verification,llm_evidence_verification_review_v1,4,2,2,6,0
patient10780/study11,llm_evidence_verification,llm_evidence_verification_review_v1,4,8,8,8,0
patient10780/study12,llm_evidence_verification,llm_evidence_verification_review_v1,3,1,1,2,0
patient10799/study1,evidence_verification_without_LLM,evidence_verification_policy_v1,1,0,0,0,0
patient10799/study10,evidence_verification_without_LLM,evidence_verification_policy_v1,1,0,0,0,0
patient10799/study11,evidence_verification_without_LLM,evidence_verification_policy_v1,1,0,0,0,0
patient10799/study2,evidence_verification_without_LLM,evidence_verification_policy_v1,1,0,0,0,0
patient10900/study26,llm_evidence_verification,llm_evidence_verification_review_v1,4,4,4,8,4
patient10900/study30,llm_evidence_verification,llm_evidence_verification_review_v1,4,12,12,8,3
patient10900/study31,llm_evidence_verification,llm_evidence_verification_review_v1,4,12,12,8,3
patient10900/study33,llm_evidence_verification,llm_evidence_verification_review_v1,4,12,12,8,2
patient11174/study6,evidence_verification_without_LLM,evidence_verification_policy_v1,1,0,0,0,0
patient11332/study2,evidence_verification_without_LLM,evidence_verification_policy_v1,1,0,0,0,0
patient11332/study7,llm_evidence_verification,llm_evidence_verification_review_v1,4,8,8,8,0
patient11747/study1,llm_evidence_verification,llm_evidence_verification_review_v1,4,12,12,8,3
patient11747/study2,llm_evidence_verification,llm_evidence_verification_review_v1,4,10,10,8,0
patient12131/study1,evidence_verification_without_LLM,evidence_verification_policy_v1,1,0,0,0,0
patient12131/study2,llm_evidence_verification,llm_evidence_verification_review_v1,4,3,3,8,0
patient12131/study3,llm_evidence_verification,llm_evidence_verification_review_v1,4,1,1,3,0
patient12175/study1,evidence_verification_without_LLM,evidence_verification_policy_v1,1,0,0,0,0
patient12175/study10,evidence_verification_without_LLM,evidence_verification_policy_v1,1,0,0,0,0
patient12175/study2,evidence_verification_without_LLM,evidence_verification_policy_v1,1,0,0,0,0
patient12175/study3,llm_evidence_verification,llm_evidence_verification_review_v1,3,3,3,6,0
patient12237/study2,llm_evidence_verification,llm_evidence_verification_review_v1,4,8,8,8,4
patient12349/study11,llm_evidence_verification,llm_evidence_verification_review_v1,4,11,11,8,3
patient12349/study14,llm_evidence_verification,llm_evidence_verification_review_v1,4,7,7,8,1
patient12349/study16,llm_evidence_verification,llm_evidence_verification_review_v1,4,5,5,8,0
patient12349/study17,llm_evidence_verification,llm_evidence_verification_review_v1,4,9,9,8,1
patient12556/study13,evidence_verification_without_LLM,evidence_verification_policy_v1,1,0,0,0,0
patient12556/study24,llm_evidence_verification,llm_evidence_verification_review_v1,3,3,3,6,3
patient12556/study25,llm_evidence_verification,llm_evidence_verification_review_v1,4,1,1,3,0
patient12556/study29,llm_evidence_verification,llm_evidence_verification_review_v1,4,4,4,8,3
patient12881/study1,evidence_verification_without_LLM,evidence_verification_policy_v1,1,0,0,0,0
patient12881/study10,llm_evidence_verification,llm_evidence_verification_review_v1,3,3,3,8,0
patient12881/study11,evidence_verification_without_LLM,evidence_verification_policy_v1,1,0,0,0,0
patient12881/study12,llm_evidence_verification,llm_evidence_verification_review_v1,4,1,1,3,0
patient12897/study2,evidence_verification_without_LLM,evidence_verification_policy_v1,1,0,0,0,0
patient13211/study1,llm_evidence_verification,llm_evidence_verification_review_v1,4,1,1,3,0
patient13211/study10,llm_evidence_verification,llm_evidence_verification_review_v1,4,7,7,8,0
patient13211/study11,llm_evidence_verification,llm_evidence_verification_review_v1,4,8,8,8,1
patient13211/study12,llm_evidence_verification,llm_evidence_verification_review_v1,4,9,9,8,3
patient13452/study1,evidence_verification_without_LLM,evidence_verification_policy_v1,1,0,0,0,0
patient13452/study10,evidence_verification_without_LLM,evidence_verification_policy_v1,1,0,0,0,0
patient13452/study11,evidence_verification_without_LLM,evidence_verification_policy_v1,1,0,0,0,0
patient13452/study12,evidence_verification_without_LLM,evidence_verification_policy_v1,1,0,0,0,0
patient13586/study1,llm_evidence_verification,llm_evidence_verification_review_v1,4,4,4,8,1
patient13835/study1,evidence_verification_without_LLM,evidence_verification_policy_v1,1,0,0,0,0
patient13835/study10,evidence_verification_without_LLM,evidence_verification_policy_v1,1,0,0,0,0
patient13835/study2,evidence_verification_without_LLM,evidence_verification_policy_v1,1,0,0,0,0
patient13835/study3,evidence_verification_without_LLM,evidence_verification_policy_v1,1,0,0,0,0
patient14045/study26,llm_evidence_verification,llm_evidence_verification_review_v1,4,10,10,8,2
patient14056/study1,evidence_verification_without_LLM,evidence_verification_policy_v1,1,0,0,0,0
patient14056/study10,evidence_verification_without_LLM,evidence_verification_policy_v1,1,0,0,0,0
patient14056/study11,evidence_verification_without_LLM,evidence_verification_policy_v1,1,0,0,0,0
patient14056/study12,evidence_verification_without_LLM,evidence_verification_policy_v1,1,0,0,0,0
patient14351/study11,llm_evidence_verification,llm_evidence_verification_review_v1,4,10,10,8,0
patient14351/study14,llm_evidence_verification,llm_evidence_verification_review_v1,4,10,10,8,1
patient14351/study2,llm_evidence_verification,llm_evidence_verification_review_v1,3,8,8,8,0
patient14351/study26,llm_evidence_verification,llm_evidence_verification_review_v1,4,8,8,8,0
patient14638/study10,llm_evidence_verification,llm_evidence_verification_review_v1,4,2,2,6,0
patient14638/study11,evidence_verification_without_LLM,evidence_verification_policy_v1,1,0,0,0,0
patient14638/study14,evidence_verification_without_LLM,evidence_verification_policy_v1,1,0,0,0,0
patient14638/study7,llm_evidence_verification,llm_evidence_verification_review_v1,4,7,7,8,2
patient14668/study1,evidence_verification_without_LLM,evidence_verification_policy_v1,1,0,0,0,0
patient14668/study10,llm_evidence_verification,llm_evidence_verification_review_v1,4,4,4,8,1
patient14668/study11,llm_evidence_verification,llm_evidence_verification_review_v1,4,5,5,8,0
patient14668/study12,llm_evidence_verification,llm_evidence_verification_review_v1,4,6,6,8,0
patient14989/study1,evidence_verification_without_LLM,evidence_verification_policy_v1,1,0,0,0,0
patient14989/study10,evidence_verification_without_LLM,evidence_verification_policy_v1,1,0,0,0,0
patient14989/study2,evidence_verification_without_LLM,evidence_verification_policy_v1,1,0,0,0,0
patient14989/study3,evidence_verification_without_LLM,evidence_verification_policy_v1,1,0,0,0,0
patient15243/study1,llm_evidence_verification,llm_evidence_verification_review_v1,4,11,11,8,2
patient15243/study4,llm_evidence_verification,llm_evidence_verification_review_v1,4,12,12,8,4
patient15243/study5,llm_evidence_verification,llm_evidence_verification_review_v1,4,12,12,8,5
patient15313/study1,evidence_verification_without_LLM,evidence_verification_policy_v1,1,0,0,0,0
patient15313/study10,evidence_verification_without_LLM,evidence_verification_policy_v1,1,0,0,0,0
patient15313/study11,evidence_verification_without_LLM,evidence_verification_policy_v1,1,0,0,0,0
patient15313/study12,evidence_verification_without_LLM,evidence_verification_policy_v1,1,0,0,0,0
patient15697/study1,evidence_verification_without_LLM,evidence_verification_policy_v1,1,0,0,0,0
patient15697/study10,llm_evidence_verification,llm_evidence_verification_review_v1,4,11,11,8,5
patient15697/study11,llm_evidence_verification,llm_evidence_verification_review_v1,4,9,9,8,8
patient15697/study2,evidence_verification_without_LLM,evidence_verification_policy_v1,1,0,0,0,0
patient15768/study1,evidence_verification_without_LLM,evidence_verification_policy_v1,1,0,0,0,0
patient15768/study10,evidence_verification_without_LLM,evidence_verification_policy_v1,1,0,0,0,0
patient15768/study11,evidence_verification_without_LLM,evidence_verification_policy_v1,1,0,0,0,0
patient15768/study12,evidence_verification_without_LLM,evidence_verification_policy_v1,1,0,0,0,0
patient15842/study10,llm_evidence_verification,llm_evidence_verification_review_v1,3,8,8,8,2
patient15842/study11,llm_evidence_verification,llm_evidence_verification_review_v1,4,12,12,8,2
patient15842/study5,llm_evidence_verification,llm_evidence_verification_review_v1,4,7,7,8,3
patient15842/study9,llm_evidence_verification,llm_evidence_verification_review_v1,4,10,10,8,1
patient16160/study4,evidence_verification_without_LLM,evidence_verification_policy_v1,1,0,0,0,0
patient16391/study1,llm_evidence_verification,llm_evidence_verification_review_v1,4,8,8,8,0
patient16391/study2,llm_evidence_verification,llm_evidence_verification_review_v1,4,9,9,8,4
patient16391/study3,llm_evidence_verification,llm_evidence_verification_review_v1,4,11,11,8,1
patient16391/study4,llm_evidence_verification,llm_evidence_verification_review_v1,4,9,9,8,3
patient16417/study12,evidence_verification_without_LLM,evidence_verification_policy_v1,1,0,0,0,0
patient16417/study8,evidence_verification_without_LLM,evidence_verification_policy_v1,1,0,0,0,0
patient16477/study4,llm_evidence_verification,llm_evidence_verification_review_v1,4,6,6,8,0
patient16477/study7,llm_evidence_verification,llm_evidence_verification_review_v1,4,10,10,8,5
patient16523/study1,evidence_verification_without_LLM,evidence_verification_policy_v1,3,2,2,5,0
patient16523/study10,evidence_verification_without_LLM,evidence_verification_policy_v1,1,0,0,0,0
patient16523/study11,llm_evidence_verification,llm_evidence_verification_review_v1,4,1,1,3,0
patient16523/study12,evidence_verification_without_LLM,evidence_verification_policy_v1,1,0,0,0,0
patient17265/study4,llm_evidence_verification,llm_evidence_verification_review_v1,3,5,5,8,2
patient17394/study1,evidence_verification_without_LLM,evidence_verification_policy_v1,4,7,7,8,1
patient17532/study1,llm_evidence_verification,llm_evidence_verification_review_v1,2,2,2,3,0
patient17532/study2,evidence_verification_without_LLM,evidence_verification_policy_v1,1,0,0,0,0
patient17532/study3,llm_evidence_verification,llm_evidence_verification_review_v1,4,8,8,8,2
patient17534/study1,llm_evidence_verification,llm_evidence_verification_review_v1,4,3,3,8,0
patient17534/study10,evidence_verification_without_LLM,evidence_verification_policy_v1,1,0,0,0,0
patient17534/study11,evidence_verification_without_LLM,evidence_verification_policy_v1,1,0,0,0,0
patient17534/study12,llm_evidence_verification,llm_evidence_verification_review_v1,2,2,2,2,0
patient17916/study1,llm_evidence_verification,llm_evidence_verification_review_v1,4,1,1,3,0
patient17916/study13,evidence_verification_without_LLM,evidence_verification_policy_v1,1,0,0,0,0
patient17916/study15,evidence_verification_without_LLM,evidence_verification_policy_v1,1,0,0,0,0
patient17916/study3,llm_evidence_verification,llm_evidence_verification_review_v1,3,5,5,8,2
patient18048/study3,llm_evidence_verification,llm_evidence_verification_review_v1,4,12,12,8,4
patient18532/study1,evidence_verification_without_LLM,evidence_verification_policy_v1,1,0,0,0,0
patient18532/study10,evidence_verification_without_LLM,evidence_verification_policy_v1,1,0,0,0,0
patient18532/study11,evidence_verification_without_LLM,evidence_verification_policy_v1,1,0,0,0,0
patient18532/study12,evidence_verification_without_LLM,evidence_verification_policy_v1,1,0,0,0,0
patient18626/study1,evidence_verification_without_LLM,evidence_verification_policy_v1,1,0,0,0,0
patient18626/study10,llm_evidence_verification,llm_evidence_verification_review_v1,4,11,11,8,0
patient18626/study2,evidence_verification_without_LLM,evidence_verification_policy_v1,1,0,0,0,0
patient18626/study3,evidence_verification_without_LLM,evidence_verification_policy_v1,1,0,0,0,0
patient18892/study13,llm_evidence_verification,llm_evidence_verification_review_v1,4,6,6,8,0
patient18892/study4,evidence_verification_without_LLM,evidence_verification_policy_v1,1,0,0,0,0
patient18892/study5,llm_evidence_verification,llm_evidence_verification_review_v1,4,2,2,6,0
patient19094/study10,llm_evidence_verification,llm_evidence_verification_review_v1,4,9,9,8,4
patient19094/study11,llm_evidence_verification,llm_evidence_verification_review_v1,4,9,9,8,0
patient19094/study12,llm_evidence_verification,llm_evidence_verification_review_v1,4,6,6,8,2
patient19094/study6,llm_evidence_verification,llm_evidence_verification_review_v1,4,9,9,8,1
patient19343/study1,llm_evidence_verification,llm_evidence_verification_review_v1,4,1,1,3,1
patient19343/study10,llm_evidence_verification,llm_evidence_verification_review_v1,4,1,1,3,1
patient19343/study11,llm_evidence_verification,llm_evidence_verification_review_v1,4,1,1,3,1
patient19343/study12,llm_evidence_verification,llm_evidence_verification_review_v1,3,1,1,3,1
patient19389/study1,llm_evidence_verification,llm_evidence_verification_review_v1,4,10,10,8,0
patient19389/study2,llm_evidence_verification,llm_evidence_verification_review_v1,4,11,11,8,5
patient19389/study3,llm_evidence_verification,llm_evidence_verification_review_v1,4,12,12,8,7
patient19740/study1,evidence_verification_without_LLM,evidence_verification_policy_v1,1,0,0,0,0
patient19740/study10,evidence_verification_without_LLM,evidence_verification_policy_v1,2,4,4,6,3
patient19740/study11,llm_evidence_verification,llm_evidence_verification_review_v1,4,2,2,4,0
patient19740/study2,evidence_verification_without_LLM,evidence_verification_policy_v1,4,4,4,8,3
patient20037/study1,evidence_verification_without_LLM,evidence_verification_policy_v1,1,0,0,0,0
patient20037/study10,evidence_verification_without_LLM,evidence_verification_policy_v1,1,0,0,0,0
patient20037/study11,evidence_verification_without_LLM,evidence_verification_policy_v1,1,0,0,0,0
patient20037/study12,evidence_verification_without_LLM,evidence_verification_policy_v1,1,0,0,0,0
patient20173/study1,evidence_verification_without_LLM,evidence_verification_policy_v1,1,0,0,0,0
patient20173/study10,evidence_verification_without_LLM,evidence_verification_policy_v1,1,0,0,0,0
patient20173/study11,evidence_verification_without_LLM,evidence_verification_policy_v1,1,0,0,0,0
patient20173/study12,evidence_verification_without_LLM,evidence_verification_policy_v1,1,0,0,0,0
patient20202/study8,llm_evidence_verification,llm_evidence_verification_review_v1,4,6,6,8,0
patient20266/study1,evidence_verification_without_LLM,evidence_verification_policy_v1,1,0,0,0,0
patient20266/study10,evidence_verification_without_LLM,evidence_verification_policy_v1,1,0,0,0,0
patient20266/study11,evidence_verification_without_LLM,evidence_verification_policy_v1,1,0,0,0,0
patient20266/study12,llm_evidence_verification,llm_evidence_verification_review_v1,3,5,5,8,5
patient20848/study5,evidence_verification_without_LLM,evidence_verification_policy_v1,1,0,0,0,0
patient20917/study15,evidence_verification_without_LLM,evidence_verification_policy_v1,1,0,0,0,0
patient20917/study26,llm_evidence_verification,llm_evidence_verification_review_v1,4,1,1,3,0
patient20917/study32,llm_evidence_verification,llm_evidence_verification_review_v1,4,11,11,8,3
patient21031/study1,llm_evidence_verification,llm_evidence_verification_review_v1,3,1,1,3,2
patient21031/study10,evidence_verification_without_LLM,evidence_verification_policy_v1,1,0,0,0,0
patient21031/study2,evidence_verification_without_LLM,evidence_verification_policy_v1,1,0,0,0,0
patient21031/study3,evidence_verification_without_LLM,evidence_verification_policy_v1,1,0,0,0,0
patient21102/study1,evidence_verification_without_LLM,evidence_verification_policy_v1,3,4,4,8,5
patient21102/study10,evidence_verification_without_LLM,evidence_verification_policy_v1,1,0,0,0,0
patient21102/study11,llm_evidence_verification,llm_evidence_verification_review_v1,4,5,5,8,0
patient21102/study12,evidence_verification_without_LLM,evidence_verification_policy_v1,1,0,0,0,0
patient21125/study1,llm_evidence_verification,llm_evidence_verification_review_v1,4,7,7,8,0
patient21125/study4,llm_evidence_verification,llm_evidence_verification_review_v1,4,10,10,8,3
patient21240/study1,evidence_verification_without_LLM,evidence_verification_policy_v1,1,0,0,0,0
patient21240/study10,llm_evidence_verification,llm_evidence_verification_review_v1,4,5,5,8,3
patient21240/study11,llm_evidence_verification,llm_evidence_verification_review_v1,4,5,5,8,0
patient21240/study12,llm_evidence_verification,llm_evidence_verification_review_v1,4,7,7,8,3
patient21241/study19,llm_evidence_verification,llm_evidence_verification_review_v1,4,5,5,8,0
patient21351/study2,evidence_verification_without_LLM,evidence_verification_policy_v1,1,0,0,0,0
patient21351/study5,llm_evidence_verification,llm_evidence_verification_review_v1,3,1,1,3,0
patient21400/study3,llm_evidence_verification,llm_evidence_verification_review_v1,4,7,7,8,4
patient21414/study1,evidence_verification_without_LLM,evidence_verification_policy_v1,1,0,0,0,0
patient21414/study10,llm_evidence_verification,llm_evidence_verification_review_v1,3,3,3,6,0
patient21414/study11,llm_evidence_verification,llm_evidence_verification_review_v1,2,2,2,3,0
patient21414/study12,llm_evidence_verification,llm_evidence_verification_review_v1,3,7,7,8,1
patient21565/study16,evidence_verification_without_LLM,evidence_verification_policy_v1,1,0,0,0,0
patient21565/study17,evidence_verification_without_LLM,evidence_verification_policy_v1,1,0,0,0,0
patient21565/study18,evidence_verification_without_LLM,evidence_verification_policy_v1,1,0,0,0,0
patient21565/study19,evidence_verification_without_LLM,evidence_verification_policy_v1,1,0,0,0,0
patient21682/study1,llm_evidence_verification,llm_evidence_verification_review_v1,4,6,6,8,1
patient21682/study4,llm_evidence_verification,llm_evidence_verification_review_v1,4,12,12,8,5
patient21682/study5,evidence_verification_without_LLM,evidence_verification_policy_v1,4,11,11,8,2
patient21682/study7,llm_evidence_verification,llm_evidence_verification_review_v1,4,9,9,8,5
patient21703/study1,llm_evidence_verification,llm_evidence_verification_review_v1,4,1,1,3,0
patient21703/study10,evidence_verification_without_LLM,evidence_verification_policy_v1,1,0,0,0,0
patient21703/study11,llm_evidence_verification,llm_evidence_verification_review_v1,5,1,1,3,0
patient21703/study12,evidence_verification_without_LLM,evidence_verification_policy_v1,1,0,0,0,0
patient21759/study2,evidence_verification_without_LLM,evidence_verification_policy_v1,1,0,0,0,0
patient21759/study8,llm_evidence_verification,llm_evidence_verification_review_v1,4,12,12,8,1
patient21899/study10,llm_evidence_verification,llm_evidence_verification_review_v1,4,8,8,8,2
patient21899/study3,llm_evidence_verification,llm_evidence_verification_review_v1,4,8,8,8,8
patient21899/study5,llm_evidence_verification,llm_evidence_verification_review_v1,4,8,8,8,6
patient22094/study1,evidence_verification_without_LLM,evidence_verification_policy_v1,1,0,0,0,0
patient22216/study1,llm_evidence_verification,llm_evidence_verification_review_v1,4,4,4,8,0
patient22216/study10,evidence_verification_without_LLM,evidence_verification_policy_v1,1,0,0,0,0
patient22216/study11,llm_evidence_verification,llm_evidence_verification_review_v1,4,4,4,8,0
patient22216/study12,llm_evidence_verification,llm_evidence_verification_review_v1,2,1,1,0,0
patient22231/study2,llm_evidence_verification,llm_evidence_verification_review_v1,4,6,6,8,1
patient22231/study5,llm_evidence_verification,llm_evidence_verification_review_v1,4,5,5,8,0
patient22231/study7,llm_evidence_verification,llm_evidence_verification_review_v1,3,5,5,8,0
patient22287/study1,evidence_verification_without_LLM,evidence_verification_policy_v1,1,0,0,0,0
patient22289/study2,llm_evidence_verification,llm_evidence_verification_review_v1,4,2,2,5,1
patient22289/study25,llm_evidence_verification,llm_evidence_verification_review_v1,4,1,1,3,0
patient22289/study26,evidence_verification_without_LLM,evidence_verification_policy_v1,1,0,0,0,0
patient22623/study1,llm_evidence_verification,llm_evidence_verification_review_v1,4,9,9,8,2
patient22787/study1,evidence_verification_without_LLM,evidence_verification_policy_v1,1,0,0,0,0
patient22787/study2,llm_evidence_verification,llm_evidence_verification_review_v1,3,3,3,8,0
patient23117/study1,llm_evidence_verification,llm_evidence_verification_review_v1,4,3,3,8,3
patient23117/study2,llm_evidence_verification,llm_evidence_verification_review_v1,3,6,6,8,4
patient23117/study3,llm_evidence_verification,llm_evidence_verification_review_v1,4,11,11,8,3
patient23358/study4,llm_evidence_verification,llm_evidence_verification_review_v1,3,7,7,8,4
patient23384/study1,llm_evidence_verification,llm_evidence_verification_review_v1,4,7,7,8,6
patient23448/study1,evidence_verification_without_LLM,evidence_verification_policy_v1,1,0,0,0,0
patient23448/study10,evidence_verification_without_LLM,evidence_verification_policy_v1,1,0,0,0,0
patient23448/study11,evidence_verification_without_LLM,evidence_verification_policy_v1,1,0,0,0,0
patient23448/study12,evidence_verification_without_LLM,evidence_verification_policy_v1,1,0,0,0,0
patient23638/study5,evidence_verification_without_LLM,evidence_verification_policy_v1,1,0,0,0,0
patient23684/study2,llm_evidence_verification,llm_evidence_verification_review_v1,4,12,12,8,3
patient23684/study4,llm_evidence_verification,llm_evidence_verification_review_v1,4,12,12,8,3
patient23684/study5,llm_evidence_verification,llm_evidence_verification_review_v1,4,12,12,8,4
patient23684/study6,llm_evidence_verification,llm_evidence_verification_review_v1,4,10,10,8,4
patient23775/study1,evidence_verification_without_LLM,evidence_verification_policy_v1,1,0,0,0,0
patient23775/study10,evidence_verification_without_LLM,evidence_verification_policy_v1,1,0,0,0,0
patient23775/study11,evidence_verification_without_LLM,evidence_verification_policy_v1,1,0,0,0,0
patient23775/study2,evidence_verification_without_LLM,evidence_verification_policy_v1,1,0,0,0,0
patient23971/study2,llm_evidence_verification,llm_evidence_verification_review_v1,4,10,10,8,0
patient24049/study1,llm_evidence_verification,llm_evidence_verification_review_v1,4,3,3,8,0
patient24662/study1,evidence_verification_without_LLM,evidence_verification_policy_v1,1,0,0,0,0
patient24662/study3,llm_evidence_verification,llm_evidence_verification_review_v1,3,1,1,2,0
patient24662/study4,llm_evidence_verification,llm_evidence_verification_review_v1,3,1,1,3,0
patient24662/study7,evidence_verification_without_LLM,evidence_verification_policy_v1,1,0,0,0,0
patient24984/study1,llm_evidence_verification,llm_evidence_verification_review_v1,4,9,9,8,5
patient24984/study2,llm_evidence_verification,llm_evidence_verification_review_v1,4,10,10,8,3
patient25112/study3,llm_evidence_verification,llm_evidence_verification_review_v1,4,6,6,8,3
patient25112/study6,llm_evidence_verification,llm_evidence_verification_review_v1,4,8,8,8,0
patient25241/study1,llm_evidence_verification,llm_evidence_verification_review_v1,2,1,1,0,0
patient25241/study10,evidence_verification_without_LLM,evidence_verification_policy_v1,1,0,0,0,0
patient25241/study11,llm_evidence_verification,llm_evidence_verification_review_v1,4,9,9,8,4
patient25241/study2,llm_evidence_verification,llm_evidence_verification_review_v1,3,1,1,2,1
patient25350/study1,llm_evidence_verification,llm_evidence_verification_review_v1,5,8,8,8,3
patient25517/study1,evidence_verification_without_LLM,evidence_verification_policy_v1,1,0,0,0,0
patient25517/study10,evidence_verification_without_LLM,evidence_verification_policy_v1,1,0,0,0,0
patient25517/study2,evidence_verification_without_LLM,evidence_verification_policy_v1,1,0,0,0,0
patient25517/study3,evidence_verification_without_LLM,evidence_verification_policy_v1,1,0,0,0,0
patient25725/study2,llm_evidence_verification,llm_evidence_verification_review_v1,3,5,5,8,1
patient25840/study1,evidence_verification_without_LLM,evidence_verification_policy_v1,1,0,0,0,0
patient25971/study1,evidence_verification_without_LLM,evidence_verification_policy_v1,1,0,0,0,0
patient25971/study10,evidence_verification_without_LLM,evidence_verification_policy_v1,1,0,0,0,0
patient25971/study11,evidence_verification_without_LLM,evidence_verification_policy_v1,1,0,0,0,0
patient25971/study12,evidence_verification_without_LLM,evidence_verification_policy_v1,1,0,0,0,0
patient26115/study1,evidence_verification_without_LLM,evidence_verification_policy_v1,1,0,0,0,0
patient26115/study2,evidence_verification_without_LLM,evidence_verification_policy_v1,1,0,0,0,0
patient26115/study4,evidence_verification_without_LLM,evidence_verification_policy_v1,1,0,0,0,0
patient26271/study1,evidence_verification_without_LLM,evidence_verification_policy_v1,1,0,0,0,0
patient26271/study10,evidence_verification_without_LLM,evidence_verification_policy_v1,1,0,0,0,0
patient26271/study11,evidence_verification_without_LLM,evidence_verification_policy_v1,1,0,0,0,0
patient26271/study12,evidence_verification_without_LLM,evidence_verification_policy_v1,1,0,0,0,0
patient26330/study5,llm_evidence_verification,llm_evidence_verification_review_v1,4,8,8,8,3
patient26519/study1,llm_evidence_verification,llm_evidence_verification_review_v1,4,7,7,8,8
patient26519/study2,evidence_verification_without_LLM,evidence_verification_policy_v1,1,0,0,0,0
patient26519/study3,llm_evidence_verification,llm_evidence_verification_review_v1,4,8,8,8,0
patient26519/study4,evidence_verification_without_LLM,evidence_verification_policy_v1,4,11,11,8,1
patient26576/study1,llm_evidence_verification,llm_evidence_verification_review_v1,3,5,5,6,0
patient26813/study1,llm_evidence_verification,llm_evidence_verification_review_v1,4,4,4,8,0
patient26813/study10,evidence_verification_without_LLM,evidence_verification_policy_v1,1,0,0,0,0
patient26813/study11,llm_evidence_verification,llm_evidence_verification_review_v1,4,1,1,3,0
patient26813/study2,llm_evidence_verification,llm_evidence_verification_review_v1,4,1,1,3,0
patient27168/study4,llm_evidence_verification,llm_evidence_verification_review_v1,3,11,11,8,5
patient27237/study2,llm_evidence_verification,llm_evidence_verification_review_v1,4,2,2,5,0
patient27301/study1,evidence_verification_without_LLM,evidence_verification_policy_v1,1,0,0,0,0
patient27301/study10,evidence_verification_without_LLM,evidence_verification_policy_v1,1,0,0,0,0
patient27301/study11,evidence_verification_without_LLM,evidence_verification_policy_v1,1,0,0,0,0
patient27301/study12,evidence_verification_without_LLM,evidence_verification_policy_v1,1,0,0,0,0
patient27338/study1,llm_evidence_verification,llm_evidence_verification_review_v1,4,10,10,8,3
patient27338/study13,llm_evidence_verification,llm_evidence_verification_review_v1,4,8,8,8,0
patient27338/study14,llm_evidence_verification,llm_evidence_verification_review_v1,4,8,8,8,0
patient27338/study4,llm_evidence_verification,llm_evidence_verification_review_v1,4,10,10,8,1
patient27451/study1,evidence_verification_without_LLM,evidence_verification_policy_v1,1,0,0,0,0
patient27451/study10,llm_evidence_verification,llm_evidence_verification_review_v1,3,1,1,2,2
patient27451/study11,llm_evidence_verification,llm_evidence_verification_review_v1,3,1,1,3,1
patient27451/study12,evidence_verification_without_LLM,evidence_verification_policy_v1,1,0,0,0,0
patient27520/study1,llm_evidence_verification,llm_evidence_verification_review_v1,4,6,6,8,0
patient27520/study10,llm_evidence_verification,llm_evidence_verification_review_v1,4,1,1,3,0
patient27520/study11,evidence_verification_without_LLM,evidence_verification_policy_v1,1,0,0,0,0
patient27520/study12,evidence_verification_without_LLM,evidence_verification_policy_v1,1,0,0,0,0
patient27673/study1,evidence_verification_without_LLM,evidence_verification_policy_v1,1,0,0,0,0
patient27673/study10,evidence_verification_without_LLM,evidence_verification_policy_v1,1,0,0,0,0
patient27673/study2,llm_evidence_verification,llm_evidence_verification_review_v1,4,2,2,5,0
patient27673/study3,evidence_verification_without_LLM,evidence_verification_policy_v1,1,0,0,0,0
patient27690/study2,llm_evidence_verification,llm_evidence_verification_review_v1,4,4,4,8,1
patient28281/study1,evidence_verification_without_LLM,evidence_verification_policy_v1,1,0,0,0,0
patient28281/study10,llm_evidence_verification,llm_evidence_verification_review_v1,4,7,7,8,4
patient28281/study11,evidence_verification_without_LLM,evidence_verification_policy_v1,1,0,0,0,0
patient28281/study12,evidence_verification_without_LLM,evidence_verification_policy_v1,1,0,0,0,0
patient28806/study10,llm_evidence_verification,llm_evidence_verification_review_v1,4,9,9,8,1
patient28806/study12,llm_evidence_verification,llm_evidence_verification_review_v1,4,11,11,8,0
patient28806/study13,llm_evidence_verification,llm_evidence_verification_review_v1,4,10,10,8,2
patient28806/study9,llm_evidence_verification,llm_evidence_verification_review_v1,4,2,2,6,2
patient28913/study1,llm_evidence_verification,llm_evidence_verification_review_v1,4,1,1,3,0
patient28913/study10,evidence_verification_without_LLM,evidence_verification_policy_v1,1,0,0,0,0
patient28913/study11,evidence_verification_without_LLM,evidence_verification_policy_v1,1,0,0,0,0
patient28913/study12,llm_evidence_verification,llm_evidence_verification_review_v1,3,1,1,3,0
patient28973/study1,evidence_verification_without_LLM,evidence_verification_policy_v1,1,0,0,0,0
patient28973/study2,evidence_verification_without_LLM,evidence_verification_policy_v1,1,0,0,0,0
patient28973/study4,evidence_verification_without_LLM,evidence_verification_policy_v1,1,0,0,0,0
patient28973/study5,evidence_verification_without_LLM,evidence_verification_policy_v1,1,0,0,0,0
patient29069/study1,llm_evidence_verification,llm_evidence_verification_review_v1,4,5,5,8,1
patient29069/study2,llm_evidence_verification,llm_evidence_verification_review_v1,4,2,2,4,1
patient29069/study5,llm_evidence_verification,llm_evidence_verification_review_v1,4,8,8,8,1
patient29069/study6,llm_evidence_verification,llm_evidence_verification_review_v1,4,7,7,8,2
patient29154/study1,evidence_verification_without_LLM,evidence_verification_policy_v1,1,0,0,0,0
patient29154/study10,evidence_verification_without_LLM,evidence_verification_policy_v1,1,0,0,0,0
patient29154/study11,llm_evidence_verification,llm_evidence_verification_review_v1,4,3,3,8,1
patient29154/study12,evidence_verification_without_LLM,evidence_verification_policy_v1,1,0,0,0,0
patient29162/study1,llm_evidence_verification,llm_evidence_verification_review_v1,4,3,3,8,0
patient29162/study10,llm_evidence_verification,llm_evidence_verification_review_v1,4,1,1,3,0
patient29162/study11,evidence_verification_without_LLM,evidence_verification_policy_v1,1,0,0,0,0
patient29162/study12,llm_evidence_verification,llm_evidence_verification_review_v1,4,2,2,6,0
patient29210/study1,llm_evidence_verification,llm_evidence_verification_review_v1,2,2,2,3,3
patient29210/study10,llm_evidence_verification,llm_evidence_verification_review_v1,4,2,2,5,0
patient29210/study11,llm_evidence_verification,llm_evidence_verification_review_v1,4,4,4,8,3
patient29210/study12,llm_evidence_verification,llm_evidence_verification_review_v1,3,1,1,3,3
patient29599/study1,llm_evidence_verification,llm_evidence_verification_review_v1,4,2,2,4,0
patient29676/study1,evidence_verification_without_LLM,evidence_verification_policy_v1,1,0,0,0,0
patient29676/study10,llm_evidence_verification,llm_evidence_verification_review_v1,3,2,2,6,1
patient29676/study11,evidence_verification_without_LLM,evidence_verification_policy_v1,1,0,0,0,0
patient29676/study2,evidence_verification_without_LLM,evidence_verification_policy_v1,1,0,0,0,0
patient29880/study1,llm_evidence_verification,llm_evidence_verification_review_v1,4,8,8,8,1
patient29880/study10,llm_evidence_verification,llm_evidence_verification_review_v1,4,3,3,8,0
patient29880/study11,llm_evidence_verification,llm_evidence_verification_review_v1,4,2,2,6,0
patient29880/study12,llm_evidence_verification,llm_evidence_verification_review_v1,4,5,5,8,1
patient29961/study1,llm_evidence_verification,llm_evidence_verification_review_v1,4,6,6,8,0
patient30568/study1,llm_evidence_verification,llm_evidence_verification_review_v1,4,4,4,8,0
patient30568/study10,evidence_verification_without_LLM,evidence_verification_policy_v1,1,0,0,0,0
patient30568/study2,evidence_verification_without_LLM,evidence_verification_policy_v1,1,0,0,0,0
patient30568/study3,llm_evidence_verification,llm_evidence_verification_review_v1,4,4,4,8,0
patient30606/study3,llm_evidence_verification,llm_evidence_verification_review_v1,4,4,4,8,0
patient30644/study13,evidence_verification_without_LLM,evidence_verification_policy_v1,1,0,0,0,0
patient30644/study14,llm_evidence_verification,llm_evidence_verification_review_v1,4,4,4,8,0
patient30644/study17,evidence_verification_without_LLM,evidence_verification_policy_v1,1,0,0,0,0
patient30665/study1,evidence_verification_without_LLM,evidence_verification_policy_v1,1,0,0,0,0
patient30665/study10,llm_evidence_verification,llm_evidence_verification_review_v1,4,6,6,8,2
patient30665/study3,evidence_verification_without_LLM,evidence_verification_policy_v1,1,0,0,0,0
patient30665/study4,evidence_verification_without_LLM,evidence_verification_policy_v1,3,3,3,6,0
patient31054/study3,llm_evidence_verification,llm_evidence_verification_review_v1,4,4,4,8,0
patient31054/study4,llm_evidence_verification,llm_evidence_verification_review_v1,4,9,9,8,6
patient31054/study6,llm_evidence_verification,llm_evidence_verification_review_v1,4,9,9,8,0
patient31054/study7,llm_evidence_verification,llm_evidence_verification_review_v1,4,4,4,8,0
patient31313/study1,evidence_verification_without_LLM,evidence_verification_policy_v1,1,0,0,0,0
patient31313/study10,evidence_verification_without_LLM,evidence_verification_policy_v1,1,0,0,0,0
patient31313/study11,evidence_verification_without_LLM,evidence_verification_policy_v1,1,0,0,0,0
patient31313/study12,llm_evidence_verification,llm_evidence_verification_review_v1,4,3,3,8,0
patient31370/study3,evidence_verification_without_LLM,evidence_verification_policy_v1,1,0,0,0,0
patient31370/study4,llm_evidence_verification,llm_evidence_verification_review_v1,3,3,3,5,0
patient32092/study4,evidence_verification_without_LLM,evidence_verification_policy_v1,1,0,0,0,0
patient32155/study1,evidence_verification_without_LLM,evidence_verification_policy_v1,1,0,0,0,0
patient32435/study2,llm_evidence_verification,llm_evidence_verification_review_v1,4,6,6,8,1
patient32622/study1,llm_evidence_verification,llm_evidence_verification_review_v1,4,4,4,8,2
patient32751/study1,evidence_verification_without_LLM,evidence_verification_policy_v1,1,0,0,0,0
patient32751/study10,llm_evidence_verification,llm_evidence_verification_review_v1,4,2,2,5,0
patient32751/study11,evidence_verification_without_LLM,evidence_verification_policy_v1,1,0,0,0,0
patient32751/study12,evidence_verification_without_LLM,evidence_verification_policy_v1,1,0,0,0,0
patient32862/study5,llm_evidence_verification,llm_evidence_verification_review_v1,4,7,7,8,1
patient33252/study1,evidence_verification_without_LLM,evidence_verification_policy_v1,1,0,0,0,0
patient33252/study2,llm_evidence_verification,llm_evidence_verification_review_v1,4,9,9,8,2
patient33252/study3,evidence_verification_without_LLM,evidence_verification_policy_v1,1,0,0,0,0
patient33278/study1,llm_evidence_verification,llm_evidence_verification_review_v1,4,10,10,8,0
patient33278/study10,llm_evidence_verification,llm_evidence_verification_review_v1,4,1,1,3,0
patient33278/study2,llm_evidence_verification,llm_evidence_verification_review_v1,4,9,9,8,2
patient33278/study3,evidence_verification_without_LLM,evidence_verification_policy_v1,1,0,0,0,0
patient33584/study10,llm_evidence_verification,llm_evidence_verification_review_v1,4,11,11,8,5
patient33584/study11,evidence_verification_without_LLM,evidence_verification_policy_v1,1,0,0,0,0
patient33584/study12,evidence_verification_without_LLM,evidence_verification_policy_v1,1,0,0,0,0
patient33584/study13,evidence_verification_without_LLM,evidence_verification_policy_v1,1,0,0,0,0
patient33642/study1,evidence_verification_without_LLM,evidence_verification_policy_v1,1,0,0,0,0
patient33642/study10,llm_evidence_verification,llm_evidence_verification_review_v1,4,2,2,6,0
patient33642/study11,llm_evidence_verification,llm_evidence_verification_review_v1,4,2,2,4,0
patient33642/study12,llm_evidence_verification,llm_evidence_verification_review_v1,4,4,4,8,0
patient33753/study2,evidence_verification_without_LLM,evidence_verification_policy_v1,1,0,0,0,0
patient33879/study1,llm_evidence_verification,llm_evidence_verification_review_v1,4,5,5,8,2
patient34037/study1,evidence_verification_without_LLM,evidence_verification_policy_v1,1,0,0,0,0
patient34037/study10,evidence_verification_without_LLM,evidence_verification_policy_v1,1,0,0,0,0
patient34037/study11,evidence_verification_without_LLM,evidence_verification_policy_v1,1,0,0,0,0
patient34037/study12,llm_evidence_verification,llm_evidence_verification_review_v1,4,2,2,6,0
patient34043/study11,evidence_verification_without_LLM,evidence_verification_policy_v1,1,0,0,0,0
patient34043/study3,evidence_verification_without_LLM,evidence_verification_policy_v1,1,0,0,0,0
patient34043/study7,evidence_verification_without_LLM,evidence_verification_policy_v1,1,0,0,0,0
patient34043/study9,evidence_verification_without_LLM,evidence_verification_policy_v1,1,0,0,0,0
patient34213/study1,evidence_verification_without_LLM,evidence_verification_policy_v1,1,0,0,0,0
patient34213/study10,evidence_verification_without_LLM,evidence_verification_policy_v1,1,0,0,0,0
patient34213/study11,evidence_verification_without_LLM,evidence_verification_policy_v1,1,0,0,0,0
patient34213/study12,evidence_verification_without_LLM,evidence_verification_policy_v1,1,0,0,0,0
patient34475/study1,evidence_verification_without_LLM,evidence_verification_policy_v1,1,0,0,0,0
patient34475/study10,llm_evidence_verification,llm_evidence_verification_review_v1,4,4,4,8,1
patient34475/study11,evidence_verification_without_LLM,evidence_verification_policy_v1,1,0,0,0,0
patient34475/study12,llm_evidence_verification,llm_evidence_verification_review_v1,4,5,5,8,2
patient34654/study2,llm_evidence_verification,llm_evidence_verification_review_v1,4,12,12,8,4
patient34654/study3,llm_evidence_verification,llm_evidence_verification_review_v1,3,8,8,8,4
patient34654/study4,llm_evidence_verification,llm_evidence_verification_review_v1,4,12,12,8,1
patient34654/study5,evidence_verification_without_LLM,evidence_verification_policy_v1,3,11,11,8,8
patient34677/study1,evidence_verification_without_LLM,evidence_verification_policy_v1,1,0,0,0,0
patient34677/study10,llm_evidence_verification,llm_evidence_verification_review_v1,2,1,1,0,0
patient34677/study11,llm_evidence_verification,llm_evidence_verification_review_v1,4,3,3,6,0
patient34677/study2,llm_evidence_verification,llm_evidence_verification_review_v1,2,2,2,3,0
patient34811/study2,evidence_verification_without_LLM,evidence_verification_policy_v1,1,0,0,0,0
patient34811/study3,evidence_verification_without_LLM,evidence_verification_policy_v1,1,0,0,0,0
patient34811/study4,evidence_verification_without_LLM,evidence_verification_policy_v1,1,0,0,0,0
patient34811/study5,evidence_verification_without_LLM,evidence_verification_policy_v1,1,0,0,0,0
patient34866/study2,llm_evidence_verification,llm_evidence_verification_review_v1,4,3,3,7,0
patient34914/study1,llm_evidence_verification,llm_evidence_verification_review_v1,4,12,12,8,3
patient34914/study14,llm_evidence_verification,llm_evidence_verification_review_v1,4,8,8,8,0
patient34914/study2,llm_evidence_verification,llm_evidence_verification_review_v1,4,9,9,8,2
patient34914/study3,llm_evidence_verification,llm_evidence_verification_review_v1,4,8,8,8,2
patient34954/study1,llm_evidence_verification,llm_evidence_verification_review_v1,4,10,10,8,4
patient34954/study2,evidence_verification_without_LLM,evidence_verification_policy_v1,4,11,11,8,2
patient34954/study3,llm_evidence_verification,llm_evidence_verification_review_v1,4,10,10,8,4
patient35009/study1,llm_evidence_verification,llm_evidence_verification_review_v1,4,2,2,6,0
patient35009/study10,llm_evidence_verification,llm_evidence_verification_review_v1,4,1,1,3,0
patient35009/study11,llm_evidence_verification,llm_evidence_verification_review_v1,2,2,2,3,0
patient35009/study12,llm_evidence_verification,llm_evidence_verification_review_v1,4,1,1,3,0
patient35104/study1,evidence_verification_without_LLM,evidence_verification_policy_v1,1,0,0,0,0
patient35104/study10,evidence_verification_without_LLM,evidence_verification_policy_v1,1,0,0,0,0
patient35104/study11,evidence_verification_without_LLM,evidence_verification_policy_v1,1,0,0,0,0
patient35104/study12,evidence_verification_without_LLM,evidence_verification_policy_v1,1,0,0,0,0
patient35139/study1,evidence_verification_without_LLM,evidence_verification_policy_v1,1,0,0,0,0
patient35139/study10,evidence_verification_without_LLM,evidence_verification_policy_v1,1,0,0,0,0
patient35139/study11,evidence_verification_without_LLM,evidence_verification_policy_v1,1,0,0,0,0
patient35139/study12,evidence_verification_without_LLM,evidence_verification_policy_v1,1,0,0,0,0
patient35167/study16,evidence_verification_without_LLM,evidence_verification_policy_v1,1,0,0,0,0
patient35167/study24,evidence_verification_without_LLM,evidence_verification_policy_v1,1,0,0,0,0
patient35167/study25,evidence_verification_without_LLM,evidence_verification_policy_v1,1,0,0,0,0
patient35167/study29,llm_evidence_verification,llm_evidence_verification_review_v1,3,5,5,8,0
patient35240/study1,llm_evidence_verification,llm_evidence_verification_review_v1,4,8,8,8,1
patient35240/study10,llm_evidence_verification,llm_evidence_verification_review_v1,4,3,3,8,0
patient35240/study11,llm_evidence_verification,llm_evidence_verification_review_v1,4,6,6,8,1
patient35240/study12,llm_evidence_verification,llm_evidence_verification_review_v1,4,2,2,6,2
patient35337/study1,evidence_verification_without_LLM,evidence_verification_policy_v1,1,0,0,0,0
patient35337/study10,evidence_verification_without_LLM,evidence_verification_policy_v1,1,0,0,0,0
patient35337/study11,evidence_verification_without_LLM,evidence_verification_policy_v1,1,0,0,0,0
patient35337/study12,evidence_verification_without_LLM,evidence_verification_policy_v1,1,0,0,0,0
patient35480/study17,evidence_verification_without_LLM,evidence_verification_policy_v1,1,0,0,0,0
patient35480/study48,evidence_verification_without_LLM,evidence_verification_policy_v1,1,0,0,0,0
patient35492/study1,evidence_verification_without_LLM,evidence_verification_policy_v1,1,0,0,0,0
patient35492/study10,evidence_verification_without_LLM,evidence_verification_policy_v1,1,0,0,0,0
patient35492/study2,evidence_verification_without_LLM,evidence_verification_policy_v1,1,0,0,0,0
patient35492/study3,evidence_verification_without_LLM,evidence_verification_policy_v1,1,0,0,0,0
patient35507/study11,llm_evidence_verification,llm_evidence_verification_review_v1,4,10,10,8,1
patient35548/study5,llm_evidence_verification,llm_evidence_verification_review_v1,4,2,2,3,0
patient35548/study6,llm_evidence_verification,llm_evidence_verification_review_v1,4,8,8,8,4
patient35561/study3,llm_evidence_verification,llm_evidence_verification_review_v1,4,2,2,6,1
patient35561/study4,llm_evidence_verification,llm_evidence_verification_review_v1,4,5,5,8,1
patient35561/study5,llm_evidence_verification,llm_evidence_verification_review_v1,5,2,2,6,0
patient35561/study6,llm_evidence_verification,llm_evidence_verification_review_v1,4,3,3,8,0
patient35587/study7,llm_evidence_verification,llm_evidence_verification_review_v1,4,12,12,8,3
patient35688/study2,llm_evidence_verification,llm_evidence_verification_review_v1,4,12,12,8,5
patient35688/study3,llm_evidence_verification,llm_evidence_verification_review_v1,4,10,10,8,2
patient35688/study6,llm_evidence_verification,llm_evidence_verification_review_v1,4,12,12,8,2
patient35688/study7,llm_evidence_verification,llm_evidence_verification_review_v1,4,11,11,8,0
patient35753/study1,evidence_verification_without_LLM,evidence_verification_policy_v1,1,0,0,0,0
patient35753/study10,llm_evidence_verification,llm_evidence_verification_review_v1,4,8,8,8,3
patient35753/study11,llm_evidence_verification,llm_evidence_verification_review_v1,4,6,6,8,0
patient35753/study12,llm_evidence_verification,llm_evidence_verification_review_v1,3,3,3,6,0
patient35776/study1,llm_evidence_verification,llm_evidence_verification_review_v1,4,7,7,8,0
patient35776/study10,llm_evidence_verification,llm_evidence_verification_review_v1,4,6,6,8,2
patient35776/study11,llm_evidence_verification,llm_evidence_verification_review_v1,4,9,9,8,1
patient35776/study12,llm_evidence_verification,llm_evidence_verification_review_v1,4,1,1,3,0
patient35805/study1,llm_evidence_verification,llm_evidence_verification_review_v1,3,1,1,3,1
patient35805/study10,llm_evidence_verification,llm_evidence_verification_review_v1,4,4,4,8,0
patient35805/study11,llm_evidence_verification,llm_evidence_verification_review_v1,4,6,6,8,0
patient35805/study12,llm_evidence_verification,llm_evidence_verification_review_v1,4,4,4,8,0
patient35842/study1,llm_evidence_verification,llm_evidence_verification_review_v1,4,11,11,8,4
patient35842/study2,llm_evidence_verification,llm_evidence_verification_review_v1,3,11,11,8,3
patient35842/study7,llm_evidence_verification,llm_evidence_verification_review_v1,4,10,10,8,0
patient35842/study8,llm_evidence_verification,llm_evidence_verification_review_v1,4,9,9,8,4
patient35877/study1,evidence_verification_without_LLM,evidence_verification_policy_v1,1,0,0,0,0
patient35877/study10,evidence_verification_without_LLM,evidence_verification_policy_v1,1,0,0,0,0
patient35877/study2,evidence_verification_without_LLM,evidence_verification_policy_v1,1,0,0,0,0
patient35877/study3,evidence_verification_without_LLM,evidence_verification_policy_v1,1,0,0,0,0
patient35889/study1,evidence_verification_without_LLM,evidence_verification_policy_v1,1,0,0,0,0
patient35889/study10,llm_evidence_verification,llm_evidence_verification_review_v1,3,1,1,3,1
patient35889/study11,llm_evidence_verification,llm_evidence_verification_review_v1,3,1,1,1,0
patient35889/study12,llm_evidence_verification,llm_evidence_verification_review_v1,4,5,5,8,2
patient35893/study1,evidence_verification_without_LLM,evidence_verification_policy_v1,1,0,0,0,0
patient35893/study10,evidence_verification_without_LLM,evidence_verification_policy_v1,1,0,0,0,0
patient35893/study11,evidence_verification_without_LLM,evidence_verification_policy_v1,1,0,0,0,0
patient35893/study2,evidence_verification_without_LLM,evidence_verification_policy_v1,1,0,0,0,0
patient36022/study1,llm_evidence_verification,llm_evidence_verification_review_v1,4,9,9,8,2
patient36022/study10,llm_evidence_verification,llm_evidence_verification_review_v1,4,10,10,8,2
patient36022/study11,llm_evidence_verification,llm_evidence_verification_review_v1,4,10,10,8,6
patient36022/study2,llm_evidence_verification,llm_evidence_verification_review_v1,4,10,10,8,3
patient36183/study1,llm_evidence_verification,llm_evidence_verification_review_v1,4,6,6,8,0
patient36183/study10,llm_evidence_verification,llm_evidence_verification_review_v1,4,2,2,5,0
patient36183/study11,evidence_verification_without_LLM,evidence_verification_policy_v1,1,0,0,0,0
patient36183/study12,evidence_verification_without_LLM,evidence_verification_policy_v1,1,0,0,0,0
patient36488/study5,llm_evidence_verification,llm_evidence_verification_review_v1,4,3,3,7,0
patient36573/study1,evidence_verification_without_LLM,evidence_verification_policy_v1,1,0,0,0,0
patient36573/study10,evidence_verification_without_LLM,evidence_verification_policy_v1,4,6,6,8,3
patient36573/study11,llm_evidence_verification,llm_evidence_verification_review_v1,3,5,5,8,2
patient36573/study12,llm_evidence_verification,llm_evidence_verification_review_v1,4,1,1,3,0
patient36691/study9,llm_evidence_verification,llm_evidence_verification_review_v1,2,1,1,0,0
patient36708/study1,llm_evidence_verification,llm_evidence_verification_review_v1,4,7,7,8,0
patient36708/study10,llm_evidence_verification,llm_evidence_verification_review_v1,4,10,10,8,0
patient36708/study11,llm_evidence_verification,llm_evidence_verification_review_v1,4,11,11,8,1
patient36708/study12,llm_evidence_verification,llm_evidence_verification_review_v1,4,3,3,8,1
patient36792/study4,evidence_verification_without_LLM,evidence_verification_policy_v1,1,0,0,0,0
patient36800/study1,evidence_verification_without_LLM,evidence_verification_policy_v1,1,0,0,0,0
patient36800/study10,evidence_verification_without_LLM,evidence_verification_policy_v1,1,0,0,0,0
patient36800/study11,llm_evidence_verification,llm_evidence_verification_review_v1,4,1,1,3,0
patient36800/study2,evidence_verification_without_LLM,evidence_verification_policy_v1,1,0,0,0,0
patient36838/study4,llm_evidence_verification,llm_evidence_verification_review_v1,4,9,9,8,0
patient36856/study1,llm_evidence_verification,llm_evidence_verification_review_v1,4,6,6,8,0
patient36856/study10,llm_evidence_verification,llm_evidence_verification_review_v1,4,4,4,8,0
patient36856/study11,llm_evidence_verification,llm_evidence_verification_review_v1,4,4,4,8,1
patient36856/study2,llm_evidence_verification,llm_evidence_verification_review_v1,4,9,9,8,1
patient36883/study1,llm_evidence_verification,llm_evidence_verification_review_v1,4,1,1,2,1
patient36883/study10,evidence_verification_without_LLM,evidence_verification_policy_v1,1,0,0,0,0
patient36883/study2,llm_evidence_verification,llm_evidence_verification_review_v1,4,2,2,6,1
patient36883/study3,evidence_verification_without_LLM,evidence_verification_policy_v1,1,0,0,0,0
patient37086/study1,evidence_verification_without_LLM,evidence_verification_policy_v1,1,0,0,0,0
patient37086/study10,llm_evidence_verification,llm_evidence_verification_review_v1,4,4,4,8,0
patient37086/study2,evidence_verification_without_LLM,evidence_verification_policy_v1,1,0,0,0,0
patient37086/study3,evidence_verification_without_LLM,evidence_verification_policy_v1,1,0,0,0,0
patient37190/study1,llm_evidence_verification,llm_evidence_verification_review_v1,4,7,7,8,0
patient37190/study2,llm_evidence_verification,llm_evidence_verification_review_v1,4,1,1,3,0
patient37226/study1,evidence_verification_without_LLM,evidence_verification_policy_v1,1,0,0,0,0
patient37226/study10,evidence_verification_without_LLM,evidence_verification_policy_v1,1,0,0,0,0
patient37226/study11,evidence_verification_without_LLM,evidence_verification_policy_v1,1,0,0,0,0
patient37226/study12,evidence_verification_without_LLM,evidence_verification_policy_v1,1,0,0,0,0
patient37298/study2,llm_evidence_verification,llm_evidence_verification_review_v1,4,9,9,8,4
patient37298/study3,llm_evidence_verification,llm_evidence_verification_review_v1,4,6,6,8,1
patient37298/study5,llm_evidence_verification,llm_evidence_verification_review_v1,4,10,10,8,0
patient37298/study6,evidence_verification_without_LLM,evidence_verification_policy_v1,4,9,9,8,1
patient37522/study1,evidence_verification_without_LLM,evidence_verification_policy_v1,1,0,0,0,0
patient37522/study10,llm_evidence_verification,llm_evidence_verification_review_v1,3,4,4,8,0
patient37522/study2,llm_evidence_verification,llm_evidence_verification_review_v1,4,2,2,6,0
patient37522/study3,evidence_verification_without_LLM,evidence_verification_policy_v1,1,0,0,0,0
patient37527/study10,evidence_verification_without_LLM,evidence_verification_policy_v1,1,0,0,0,0
patient37527/study11,evidence_verification_without_LLM,evidence_verification_policy_v1,1,0,0,0,0
patient37527/study12,evidence_verification_without_LLM,evidence_verification_policy_v1,1,0,0,0,0
patient37527/study7,llm_evidence_verification,llm_evidence_verification_review_v1,4,1,1,3,0
patient37722/study1,llm_evidence_verification,llm_evidence_verification_review_v1,4,4,4,8,1
patient37722/study2,llm_evidence_verification,llm_evidence_verification_review_v1,2,1,1,0,0
patient37722/study3,llm_evidence_verification,llm_evidence_verification_review_v1,4,8,8,8,0
patient37795/study1,evidence_verification_without_LLM,evidence_verification_policy_v1,1,0,0,0,0
patient37795/study10,evidence_verification_without_LLM,evidence_verification_policy_v1,1,0,0,0,0
patient37795/study11,evidence_verification_without_LLM,evidence_verification_policy_v1,1,0,0,0,0
patient37795/study12,evidence_verification_without_LLM,evidence_verification_policy_v1,1,0,0,0,0
patient37803/study11,llm_evidence_verification,llm_evidence_verification_review_v1,4,10,10,8,3
patient37803/study12,llm_evidence_verification,llm_evidence_verification_review_v1,4,9,9,8,0
patient37803/study13,llm_evidence_verification,llm_evidence_verification_review_v1,4,8,8,8,0
patient37803/study6,llm_evidence_verification,llm_evidence_verification_review_v1,4,8,8,8,5
patient37897/study1,llm_evidence_verification,llm_evidence_verification_review_v1,4,9,9,8,2
patient37897/study2,evidence_verification_without_LLM,evidence_verification_policy_v1,1,0,0,0,0
patient37897/study3,llm_evidence_verification,llm_evidence_verification_review_v1,4,5,5,8,2
patient37897/study4,llm_evidence_verification,llm_evidence_verification_review_v1,4,11,11,8,6
patient37912/study1,evidence_verification_without_LLM,evidence_verification_policy_v1,1,0,0,0,0
patient37912/study10,evidence_verification_without_LLM,evidence_verification_policy_v1,1,0,0,0,0
patient37912/study11,evidence_verification_without_LLM,evidence_verification_policy_v1,1,0,0,0,0
patient37912/study12,evidence_verification_without_LLM,evidence_verification_policy_v1,1,0,0,0,0
patient37977/study1,evidence_verification_without_LLM,evidence_verification_policy_v1,1,0,0,0,0
patient37977/study10,llm_evidence_verification,llm_evidence_verification_review_v1,4,2,2,6,0
patient37977/study11,llm_evidence_verification,llm_evidence_verification_review_v1,4,7,7,8,3
patient37977/study12,llm_evidence_verification,llm_evidence_verification_review_v1,3,1,1,3,3
patient38117/study1,evidence_verification_without_LLM,evidence_verification_policy_v1,1,0,0,0,0
patient38117/study10,llm_evidence_verification,llm_evidence_verification_review_v1,3,1,1,3,2
patient38117/study2,evidence_verification_without_LLM,evidence_verification_policy_v1,1,0,0,0,0
patient38117/study3,evidence_verification_without_LLM,evidence_verification_policy_v1,1,0,0,0,0
patient38122/study1,llm_evidence_verification,llm_evidence_verification_review_v1,4,7,7,8,0
patient38122/study10,evidence_verification_without_LLM,evidence_verification_policy_v1,1,0,0,0,0
patient38122/study11,llm_evidence_verification,llm_evidence_verification_review_v1,3,3,3,6,0
patient38122/study2,llm_evidence_verification,llm_evidence_verification_review_v1,4,2,2,6,0
patient38261/study1,evidence_verification_without_LLM,evidence_verification_policy_v1,1,0,0,0,0
patient38261/study10,evidence_verification_without_LLM,evidence_verification_policy_v1,1,0,0,0,0
patient38261/study11,evidence_verification_without_LLM,evidence_verification_policy_v1,1,0,0,0,0
patient38261/study12,evidence_verification_without_LLM,evidence_verification_policy_v1,1,0,0,0,0
patient38293/study10,llm_evidence_verification,llm_evidence_verification_review_v1,4,8,8,8,3
patient38293/study4,llm_evidence_verification,llm_evidence_verification_review_v1,4,8,8,8,3
patient38293/study7,llm_evidence_verification,llm_evidence_verification_review_v1,4,7,7,8,4
patient38293/study9,llm_evidence_verification,llm_evidence_verification_review_v1,4,7,7,8,3
patient38509/study1,llm_evidence_verification,llm_evidence_verification_review_v1,4,3,3,8,0
patient38509/study10,llm_evidence_verification,llm_evidence_verification_review_v1,4,2,2,6,0
patient38509/study11,llm_evidence_verification,llm_evidence_verification_review_v1,4,2,2,6,1
patient38509/study12,llm_evidence_verification,llm_evidence_verification_review_v1,4,4,4,8,0
patient38570/study1,evidence_verification_without_LLM,evidence_verification_policy_v1,1,0,0,0,0
patient38570/study10,evidence_verification_without_LLM,evidence_verification_policy_v1,1,0,0,0,0
patient38570/study11,evidence_verification_without_LLM,evidence_verification_policy_v1,1,0,0,0,0
patient38570/study2,evidence_verification_without_LLM,evidence_verification_policy_v1,1,0,0,0,0
patient38584/study1,llm_evidence_verification,llm_evidence_verification_review_v1,4,10,10,8,2
patient38584/study3,llm_evidence_verification,llm_evidence_verification_review_v1,4,10,10,8,3
patient38584/study4,evidence_verification_without_LLM,evidence_verification_policy_v1,4,12,12,8,7
patient38584/study5,llm_evidence_verification,llm_evidence_verification_review_v1,4,8,8,8,1
patient38926/study1,evidence_verification_without_LLM,evidence_verification_policy_v1,1,0,0,0,0
patient38926/study10,llm_evidence_verification,llm_evidence_verification_review_v1,3,1,1,2,0
patient38926/study11,evidence_verification_without_LLM,evidence_verification_policy_v1,1,0,0,0,0
patient38926/study12,evidence_verification_without_LLM,evidence_verification_policy_v1,1,0,0,0,0
patient38999/study1,evidence_verification_without_LLM,evidence_verification_policy_v1,1,0,0,0,0
patient38999/study2,llm_evidence_verification,llm_evidence_verification_review_v1,4,4,4,8,0
patient38999/study3,evidence_verification_without_LLM,evidence_verification_policy_v1,1,0,0,0,0
patient39096/study1,llm_evidence_verification,llm_evidence_verification_review_v1,4,5,5,8,0
patient39096/study10,llm_evidence_verification,llm_evidence_verification_review_v1,4,7,7,8,3
patient39096/study11,llm_evidence_verification,llm_evidence_verification_review_v1,4,10,10,8,3
patient39096/study12,llm_evidence_verification,llm_evidence_verification_review_v1,4,10,10,8,2
patient39178/study1,evidence_verification_without_LLM,evidence_verification_policy_v1,1,0,0,0,0
patient39178/study10,evidence_verification_without_LLM,evidence_verification_policy_v1,1,0,0,0,0
patient39178/study11,evidence_verification_without_LLM,evidence_verification_policy_v1,1,0,0,0,0
patient39178/study12,evidence_verification_without_LLM,evidence_verification_policy_v1,1,0,0,0,0
patient39225/study1,evidence_verification_without_LLM,evidence_verification_policy_v1,1,0,0,0,0
patient39225/study10,evidence_verification_without_LLM,evidence_verification_policy_v1,1,0,0,0,0
patient39225/study11,evidence_verification_without_LLM,evidence_verification_policy_v1,1,0,0,0,0
patient39225/study12,evidence_verification_without_LLM,evidence_verification_policy_v1,1,0,0,0,0
patient39658/study1,llm_evidence_verification,llm_evidence_verification_review_v1,4,2,2,3,0
patient39658/study10,evidence_verification_without_LLM,evidence_verification_policy_v1,1,0,0,0,0
patient39658/study11,evidence_verification_without_LLM,evidence_verification_policy_v1,1,0,0,0,0
patient39658/study2,evidence_verification_without_LLM,evidence_verification_policy_v1,1,0,0,0,0
patient39809/study1,llm_evidence_verification,llm_evidence_verification_review_v1,4,2,2,6,0
patient39809/study10,llm_evidence_verification,llm_evidence_verification_review_v1,5,3,3,8,0
patient39809/study11,llm_evidence_verification,llm_evidence_verification_review_v1,4,1,1,3,0
patient39809/study12,evidence_verification_without_LLM,evidence_verification_policy_v1,1,0,0,0,0
patient39850/study1,llm_evidence_verification,llm_evidence_verification_review_v1,4,2,2,6,0
patient39850/study10,evidence_verification_without_LLM,evidence_verification_policy_v1,1,0,0,0,0
patient39850/study11,llm_evidence_verification,llm_evidence_verification_review_v1,4,2,2,6,0
patient39850/study12,llm_evidence_verification,llm_evidence_verification_review_v1,4,2,2,6,0
patient39917/study1,evidence_verification_without_LLM,evidence_verification_policy_v1,1,0,0,0,0
patient39917/study10,llm_evidence_verification,llm_evidence_verification_review_v1,4,7,7,8,1
patient39917/study11,llm_evidence_verification,llm_evidence_verification_review_v1,3,4,4,7,5
patient39917/study12,llm_evidence_verification,llm_evidence_verification_review_v1,4,6,6,8,4
patient39952/study1,llm_evidence_verification,llm_evidence_verification_review_v1,4,9,9,8,1
patient39952/study3,llm_evidence_verification,llm_evidence_verification_review_v1,4,8,8,8,2
patient39952/study6,llm_evidence_verification,llm_evidence_verification_review_v1,4,6,6,8,0
patient40442/study1,llm_evidence_verification,llm_evidence_verification_review_v1,4,1,1,3,0
patient40442/study10,evidence_verification_without_LLM,evidence_verification_policy_v1,1,0,0,0,0
patient40442/study11,evidence_verification_without_LLM,evidence_verification_policy_v1,1,0,0,0,0
patient40442/study12,evidence_verification_without_LLM,evidence_verification_policy_v1,1,0,0,0,0
patient40697/study1,llm_evidence_verification,llm_evidence_verification_review_v1,3,3,3,3,3
patient40723/study1,llm_evidence_verification,llm_evidence_verification_review_v1,5,1,1,3,0
patient40723/study2,llm_evidence_verification,llm_evidence_verification_review_v1,4,5,5,8,0
patient40723/study3,llm_evidence_verification,llm_evidence_verification_review_v1,4,6,6,8,0
patient40801/study1,llm_evidence_verification,llm_evidence_verification_review_v1,2,2,2,3,0
patient40801/study10,llm_evidence_verification,llm_evidence_verification_review_v1,4,1,1,3,0
patient40801/study2,evidence_verification_without_LLM,evidence_verification_policy_v1,1,0,0,0,0
patient40801/study3,evidence_verification_without_LLM,evidence_verification_policy_v1,1,0,0,0,0
patient40985/study1,llm_evidence_verification,llm_evidence_verification_review_v1,4,7,7,8,1
patient41174/study4,llm_evidence_verification,llm_evidence_verification_review_v1,4,10,10,8,3
patient41292/study1,evidence_verification_without_LLM,evidence_verification_policy_v1,1,0,0,0,0
patient41292/study10,evidence_verification_without_LLM,evidence_verification_policy_v1,1,0,0,0,0
patient41292/study11,evidence_verification_without_LLM,evidence_verification_policy_v1,1,0,0,0,0
patient41292/study12,llm_evidence_verification,llm_evidence_verification_review_v1,4,1,1,3,0
patient41378/study1,evidence_verification_without_LLM,evidence_verification_policy_v1,1,0,0,0,0
patient41378/study10,evidence_verification_without_LLM,evidence_verification_policy_v1,1,0,0,0,0
patient41378/study11,evidence_verification_without_LLM,evidence_verification_policy_v1,1,0,0,0,0
patient41378/study12,evidence_verification_without_LLM,evidence_verification_policy_v1,1,0,0,0,0
patient41396/study1,llm_evidence_verification,llm_evidence_verification_review_v1,4,12,12,8,7
patient41770/study1,llm_evidence_verification,llm_evidence_verification_review_v1,4,1,1,2,0
patient42213/study1,evidence_verification_without_LLM,evidence_verification_policy_v1,1,0,0,0,0
patient42260/study1,llm_evidence_verification,llm_evidence_verification_review_v1,4,2,2,6,0
patient42260/study10,evidence_verification_without_LLM,evidence_verification_policy_v1,1,0,0,0,0
patient42260/study11,evidence_verification_without_LLM,evidence_verification_policy_v1,1,0,0,0,0
patient42260/study12,evidence_verification_without_LLM,evidence_verification_policy_v1,1,0,0,0,0
patient42454/study1,evidence_verification_without_LLM,evidence_verification_policy_v1,1,0,0,0,0
patient42454/study2,evidence_verification_without_LLM,evidence_verification_policy_v1,1,0,0,0,0
patient42454/study5,evidence_verification_without_LLM,evidence_verification_policy_v1,1,0,0,0,0
patient42454/study6,llm_evidence_verification,llm_evidence_verification_review_v1,4,1,1,3,0
patient42489/study1,evidence_verification_without_LLM,evidence_verification_policy_v1,1,0,0,0,0
patient42489/study10,evidence_verification_without_LLM,evidence_verification_policy_v1,1,0,0,0,0
patient42489/study11,evidence_verification_without_LLM,evidence_verification_policy_v1,1,0,0,0,0
patient42489/study12,evidence_verification_without_LLM,evidence_verification_policy_v1,1,0,0,0,0
patient42540/study1,llm_evidence_verification,llm_evidence_verification_review_v1,4,5,5,8,1
patient42540/study2,evidence_verification_without_LLM,evidence_verification_policy_v1,4,5,5,8,4
patient42540/study3,llm_evidence_verification,llm_evidence_verification_review_v1,3,8,8,8,4
patient42540/study4,evidence_verification_without_LLM,evidence_verification_policy_v1,1,0,0,0,0
patient42599/study1,evidence_verification_without_LLM,evidence_verification_policy_v1,1,0,0,0,0
patient42599/study10,evidence_verification_without_LLM,evidence_verification_policy_v1,1,0,0,0,0
patient42599/study2,evidence_verification_without_LLM,evidence_verification_policy_v1,1,0,0,0,0
patient42599/study3,evidence_verification_without_LLM,evidence_verification_policy_v1,1,0,0,0,0
patient42676/study1,llm_evidence_verification,llm_evidence_verification_review_v1,3,7,7,7,0
patient42676/study10,llm_evidence_verification,llm_evidence_verification_review_v1,4,6,6,8,3
patient42676/study2,llm_evidence_verification,llm_evidence_verification_review_v1,4,3,3,7,0
patient42676/study3,llm_evidence_verification,llm_evidence_verification_review_v1,3,3,3,6,0
patient42772/study1,llm_evidence_verification,llm_evidence_verification_review_v1,4,4,4,8,3
patient42772/study10,llm_evidence_verification,llm_evidence_verification_review_v1,4,2,2,4,3
patient42772/study2,evidence_verification_without_LLM,evidence_verification_policy_v1,1,0,0,0,0
patient42772/study3,llm_evidence_verification,llm_evidence_verification_review_v1,3,1,1,3,0
patient43126/study1,evidence_verification_without_LLM,evidence_verification_policy_v1,1,0,0,0,0
patient43148/study1,llm_evidence_verification,llm_evidence_verification_review_v1,4,10,10,8,2
patient43148/study2,llm_evidence_verification,llm_evidence_verification_review_v1,4,8,8,8,0
patient43148/study5,llm_evidence_verification,llm_evidence_verification_review_v1,4,8,8,8,0
patient43148/study9,llm_evidence_verification,llm_evidence_verification_review_v1,4,10,10,8,0
patient43226/study1,llm_evidence_verification,llm_evidence_verification_review_v1,4,9,9,8,1
patient43226/study2,llm_evidence_verification,llm_evidence_verification_review_v1,4,10,10,8,2
patient43226/study5,llm_evidence_verification,llm_evidence_verification_review_v1,4,10,10,8,4
patient43226/study9,llm_evidence_verification,llm_evidence_verification_review_v1,4,10,10,8,0
patient43372/study1,llm_evidence_verification,llm_evidence_verification_review_v1,3,11,11,8,3
patient43372/study10,evidence_verification_without_LLM,evidence_verification_policy_v1,1,0,0,0,0
patient43372/study2,llm_evidence_verification,llm_evidence_verification_review_v1,4,4,4,8,1
patient43372/study5,llm_evidence_verification,llm_evidence_verification_review_v1,4,4,4,8,1
patient43844/study1,llm_evidence_verification,llm_evidence_verification_review_v1,4,2,2,6,2
patient43844/study2,llm_evidence_verification,llm_evidence_verification_review_v1,4,12,12,8,2
patient43844/study3,llm_evidence_verification,llm_evidence_verification_review_v1,4,8,8,8,4
patient43844/study4,llm_evidence_verification,llm_evidence_verification_review_v1,4,10,10,8,1
patient44421/study1,evidence_verification_without_LLM,evidence_verification_policy_v1,1,0,0,0,0
patient44421/study10,llm_evidence_verification,llm_evidence_verification_review_v1,4,1,1,3,0
patient44421/study11,evidence_verification_without_LLM,evidence_verification_policy_v1,1,0,0,0,0
patient44421/study12,llm_evidence_verification,llm_evidence_verification_review_v1,4,2,2,6,0
patient44510/study1,llm_evidence_verification,llm_evidence_verification_review_v1,3,3,3,6,2
patient44510/study3,evidence_verification_without_LLM,evidence_verification_policy_v1,1,0,0,0,0
patient44510/study4,evidence_verification_without_LLM,evidence_verification_policy_v1,1,0,0,0,0
patient44981/study4,llm_evidence_verification,llm_evidence_verification_review_v1,4,5,5,8,0
patient45046/study3,llm_evidence_verification,llm_evidence_verification_review_v1,4,8,8,8,2
patient45046/study4,llm_evidence_verification,llm_evidence_verification_review_v1,4,9,9,8,0
patient45046/study5,llm_evidence_verification,llm_evidence_verification_review_v1,3,9,9,8,1
patient45046/study6,llm_evidence_verification,llm_evidence_verification_review_v1,4,7,7,8,0
patient45114/study1,evidence_verification_without_LLM,evidence_verification_policy_v1,1,0,0,0,0
patient45114/study10,evidence_verification_without_LLM,evidence_verification_policy_v1,1,0,0,0,0
patient45114/study11,evidence_verification_without_LLM,evidence_verification_policy_v1,1,0,0,0,0
patient45114/study12,llm_evidence_verification,llm_evidence_verification_review_v1,4,1,1,3,0
patient45436/study6,llm_evidence_verification,llm_evidence_verification_review_v1,4,8,8,8,3
patient45575/study1,evidence_verification_without_LLM,evidence_verification_policy_v1,1,0,0,0,0
patient45575/study10,evidence_verification_without_LLM,evidence_verification_policy_v1,1,0,0,0,0
patient45575/study11,evidence_verification_without_LLM,evidence_verification_policy_v1,1,0,0,0,0
patient45575/study12,evidence_verification_without_LLM,evidence_verification_policy_v1,1,0,0,0,0
patient45989/study1,evidence_verification_without_LLM,evidence_verification_policy_v1,1,0,0,0,0
patient45989/study10,evidence_verification_without_LLM,evidence_verification_policy_v1,1,0,0,0,0
patient45989/study11,evidence_verification_without_LLM,evidence_verification_policy_v1,1,0,0,0,0
patient45989/study2,evidence_verification_without_LLM,evidence_verification_policy_v1,1,0,0,0,0
patient47498/study1,llm_evidence_verification,llm_evidence_verification_review_v1,4,8,8,8,1
patient47498/study2,llm_evidence_verification,llm_evidence_verification_review_v1,4,9,9,8,0
patient47498/study3,llm_evidence_verification,llm_evidence_verification_review_v1,4,9,9,8,4
patient47498/study4,llm_evidence_verification,llm_evidence_verification_review_v1,4,2,2,3,0
patient48558/study1,llm_evidence_verification,llm_evidence_verification_review_v1,4,6,6,8,0
patient48558/study4,llm_evidence_verification,llm_evidence_verification_review_v1,4,10,10,8,2
patient48712/study1,llm_evidence_verification,llm_evidence_verification_review_v1,4,3,3,5,1
patient48712/study10,evidence_verification_without_LLM,evidence_verification_policy_v1,1,0,0,0,0
patient48712/study11,llm_evidence_verification,llm_evidence_verification_review_v1,4,4,4,8,0
patient48712/study2,llm_evidence_verification,llm_evidence_verification_review_v1,2,2,2,3,3
patient49600/study1,llm_evidence_verification,llm_evidence_verification_review_v1,4,11,11,8,2
patient50245/study1,llm_evidence_verification,llm_evidence_verification_review_v1,4,4,4,8,1
patient50245/study2,llm_evidence_verification,llm_evidence_verification_review_v1,4,5,5,7,1
patient50513/study7,llm_evidence_verification,llm_evidence_verification_review_v1,4,10,10,8,3
patient51453/study1,llm_evidence_verification,llm_evidence_verification_review_v1,4,11,11,8,5
patient51453/study2,llm_evidence_verification,llm_evidence_verification_review_v1,4,10,10,8,0
patient51453/study3,llm_evidence_verification,llm_evidence_verification_review_v1,4,7,7,8,0
patient51453/study5,llm_evidence_verification,llm_evidence_verification_review_v1,4,6,6,8,0
patient52353/study1,llm_evidence_verification,llm_evidence_verification_review_v1,4,6,6,8,0
patient54882/study1,evidence_verification_without_LLM,evidence_verification_policy_v1,1,0,0,0,0
patient54882/study2,evidence_verification_without_LLM,evidence_verification_policy_v1,1,0,0,0,0
patient59447/study1,evidence_verification_without_LLM,evidence_verification_policy_v1,1,0,0,0,0
patient59987/study1,llm_evidence_verification,llm_evidence_verification_review_v1,3,1,1,3,0
patient62874/study1,llm_evidence_verification,llm_evidence_verification_review_v1,4,8,8,8,1
