label,label_group,true_positive,false_positive,false_negative,true_negative,exact,partial,mismatch,not_evaluable,cases,precision,recall,f1
Atelectasis,disease,18,54,1,27,25,30,45,0,100,0.25,0.9473684210526315,0.39560439560439564
Cardiomegaly,disease,6,20,2,72,31,49,20,0,100,0.23076923076923078,0.75,0.3529411764705882
Consolidation,disease,19,54,3,24,26,19,55,0,100,0.2602739726027397,0.8636363636363636,0.39999999999999997
Edema,disease,22,21,9,48,54,21,25,0,100,0.5116279069767442,0.7096774193548387,0.5945945945945946
Enlarged Cardiomediastinum,disease,1,14,0,85,19,67,14,0,100,0.06666666666666667,1.0,0.125
Fracture,disease,0,18,4,78,12,68,20,0,100,0.0,0.0,0.0
Lung Lesion,disease,0,1,1,98,63,35,2,0,100,0.0,0.0,0.0
Lung Opacity,disease,25,48,3,24,31,21,48,0,100,0.3424657534246575,0.8928571428571429,0.4950495049504951
No Finding,non_disease,0,0,1,99,99,0,1,0,100,0.0,0.0,0.0
Pleural Effusion,disease,34,29,6,31,53,16,31,0,100,0.5396825396825397,0.85,0.6601941747572816
Pleural Other,disease,0,1,4,95,21,75,4,0,100,0.0,0.0,0.0
Pneumonia,disease,1,14,2,83,46,39,15,0,100,0.06666666666666667,0.3333333333333333,0.1111111111111111
Pneumothorax,disease,12,14,15,59,27,52,21,0,100,0.46153846153846156,0.4444444444444444,0.4528301886792453
Support Devices,non_disease,0,0,65,35,0,92,0,8,100,0.0,0.0,0.0
