study_key,dicom_path,judge_decision,judge_explanation,exact_label_match_count,partial_label_match_count,mismatch_label_count,evaluable_label_count,label_macro_score,disease_precision,disease_recall,disease_f1,all_label_precision,all_label_recall,all_label_f1,predicted_present_labels,ground_truth_present_labels,disease_false_positive_labels,disease_false_negative_labels,per_label_judgment_json,ground_truth_labels_json,predicted_labels_json,judge_failure_reasons_json,predicted_findings_section,predicted_impression_section,predicted_report_excerpt,ground_truth_findings,ground_truth_impression,ground_truth_report_excerpt,prompt_version,route_next
patient00016/study1,patient00016/study1/view1_frontal.dcm,partially_concordant,"Ground-truth present disease labels predicted uncertain: ['Fracture', 'Lung Opacity'] Disease status mismatches: ['Pleural Other']",8,5,1,14,0.75,1.0,0.0,0.0,1.0,0.0,0.0,[],"[""Fracture"", ""Lung Opacity"", ""Pleural Other""]",[],"[""Fracture"", ""Lung Opacity"", ""Pleural Other""]","[{""label"": ""Atelectasis"", ""predicted_status"": ""uncertain"", ""ground_truth_status"": ""absent"", ""match_type"": ""partial"", ""score"": 0.5, ""predicted_confidence"": 0.45, ""predicted_evidence"": ""Classifier status=present. Classifier probability=0.5186852216720581. Rule=borderline classifier probability; retrieval mentions retained as context only. Retrieval positive mentions=2; negative mentions=0. Example positive retrieval sentence: discoid atelectasis in the bilateral bases"", ""ground_truth_evidence"": ""No report evidence found for this label.""}, {""label"": ""Cardiomegaly"", ""predicted_status"": ""uncertain"", ""ground_truth_status"": ""absent"", ""match_type"": ""partial"", ""score"": 0.5, ""predicted_confidence"": 0.45, ""predicted_evidence"": ""Classifier status=present. Classifier probability=0.5449814796447754. Rule=borderline classifier probability; retrieval mentions retained as context only. Retrieval positive mentions=0; negative mentions=0."", ""ground_truth_evidence"": ""No report evidence found for this label.""}, {""label"": ""Consolidation"", ""predicted_status"": ""uncertain"", ""ground_truth_status"": ""uncertain"", ""match_type"": ""exact"", ""score"": 1.0, ""predicted_confidence"": 0.35, ""predicted_evidence"": ""Classifier status=uncertain. Classifier probability=0.4966476559638977. Rule=low-intermediate classifier probability. Retrieval positive mentions=4; negative mentions=0. Example positive retrieval sentence: pulmonary consolidation and small right effusion"", ""ground_truth_evidence"": ""subtle opacity just lateral to the cardiac apex in the left base may represent a small area of pulmonary contusion or other cause for small focus of consolidation""}, {""label"": ""Edema"", ""predicted_status"": ""absent"", ""ground_truth_status"": ""absent"", ""match_type"": ""exact"", ""score"": 1.0, ""predicted_confidence"": 0.85, ""predicted_evidence"": ""Classifier status=absent. Classifier probability=0.0946056023240089. Rule=low classifier probability. Retrieval positive mentions=0; negative mentions=2. Example negative retrieval sentence: there is no focal infiltrate, pulmonary edema, or"", ""ground_truth_evidence"": ""No report evidence found for this label.""}, {""label"": ""Pleural Effusion"", ""predicted_status"": ""absent"", ""ground_truth_status"": ""absent"", ""match_type"": ""exact"", ""score"": 1.0, ""predicted_confidence"": 0.85, ""predicted_evidence"": ""Classifier status=absent. Classifier probability=0.1539054065942764. Rule=low classifier probability. Retrieval positive mentions=12; negative mentions=0. Example positive retrieval sentence: pleural effusion is demonstrated"", ""ground_truth_evidence"": ""No report evidence found for this label.""}, {""label"": ""Pneumonia"", ""predicted_status"": ""absent"", ""ground_truth_status"": ""absent"", ""match_type"": ""exact"", ""score"": 1.0, ""predicted_confidence"": 0.85, ""predicted_evidence"": ""Classifier status=absent. Classifier probability=0.051358688622713. Rule=low classifier probability. Retrieval positive mentions=2; negative mentions=0. Example positive retrieval sentence: pneumonia"", ""ground_truth_evidence"": ""No report evidence found for this label.""}, {""label"": ""Pneumothorax"", ""predicted_status"": ""absent"", ""ground_truth_status"": ""absent"", ""match_type"": ""exact"", ""score"": 1.0, ""predicted_confidence"": 0.85, ""predicted_evidence"": ""Classifier status=absent. Classifier probability=0.0277386028319597. Rule=low classifier probability. Retrieval positive mentions=4; negative mentions=8. Example positive retrieval sentence: pneumothorax Example negative retrieval sentence: no pneumothorax is seen"", ""ground_truth_evidence"": ""no evidence of pneumothorax""}, {""label"": ""Fracture"", ""predicted_status"": ""uncertain"", ""ground_truth_status"": ""present"", ""match_type"": ""partial"", ""score"": 0.5, ""predicted_confidence"": 0.35, ""predicted_evidence"": ""Classifier status=uncertain. Classifier probability=0.4349505007266998. Rule=low-intermediate classifier probability. Retrieval positive mentions=18; negative mentions=4. Example positive retrieval sentence: clinical concern for right-sided rib fracture Example negative retrieval sentence: clear, with no obvious rib fractures or pneumothorax"", ""ground_truth_evidence"": ""acute to subacute left posterior sixth rib fracture""}, {""label"": ""Lung Lesion"", ""predicted_status"": ""absent"", ""ground_truth_status"": ""absent"", ""match_type"": ""exact"", ""score"": 1.0, ""predicted_confidence"": 0.85, ""predicted_evidence"": ""Classifier status=absent. Classifier probability=0.0076323389075696. Rule=low classifier probability. Retrieval positive mentions=0; negative mentions=0."", ""ground_truth_evidence"": ""No report evidence found for this label.""}, {""label"": ""Lung Opacity"", ""predicted_status"": ""uncertain"", ""ground_truth_status"": ""present"", ""match_type"": ""partial"", ""score"": 0.5, ""predicted_confidence"": 0.35, ""predicted_evidence"": ""Classifier status=uncertain. Classifier probability=0.3128453195095062. Rule=low-intermediate classifier probability. Retrieval positive mentions=4; negative mentions=2. Example positive retrieval sentence: opacity is seen in the right lower lung adjacent to an apparent Example negative retrieval sentence: there is no focal infiltrate, pulmonary edema, or"", ""ground_truth_evidence"": ""subtle opacity just lateral to the cardiac apex in the left base may represent a small area of pulmonary contusion or other cause for small focus of consolidation""}, {""label"": ""Enlarged Cardiomediastinum"", ""predicted_status"": ""absent"", ""ground_truth_status"": ""absent"", ""match_type"": ""exact"", ""score"": 1.0, ""predicted_confidence"": 0.85, ""predicted_evidence"": ""Classifier status=absent. Classifier probability=0.1995251625776291. Rule=low classifier probability. Retrieval positive mentions=0; negative mentions=0."", ""ground_truth_evidence"": ""No report evidence found for this label.""}, {""label"": ""Pleural Other"", ""predicted_status"": ""absent"", ""ground_truth_status"": ""present"", ""match_type"": ""mismatch"", ""score"": 0.0, ""predicted_confidence"": 0.85, ""predicted_evidence"": ""Classifier status=absent. Classifier probability=0.1572584211826324. Rule=low classifier probability. Retrieval positive mentions=0; negative mentions=0."", ""ground_truth_evidence"": ""minimal left pleural thickening may represent small amount of blood in the pleural space""}, {""label"": ""Support Devices"", ""predicted_status"": ""uncertain"", ""ground_truth_status"": ""absent"", ""match_type"": ""partial"", ""score"": 0.5, ""predicted_confidence"": 0.35, ""predicted_evidence"": ""Classifier status=unavailable. Classifier probability=unavailable. Rule=classifier unavailable; retrieval mentions treated as contextual uncertainty only. Retrieval positive mentions=2; negative mentions=0. Example positive retrieval sentence: stable left subclavian venous catheter and feeding tube"", ""ground_truth_evidence"": ""No report evidence found for this label.""}, {""label"": ""No Finding"", ""predicted_status"": ""absent"", ""ground_truth_status"": ""absent"", ""match_type"": ""exact"", ""score"": 1.0, ""predicted_confidence"": 0.95, ""predicted_evidence"": ""No Finding is absent because disease-specific evidence is being evaluated."", ""ground_truth_evidence"": ""At least one finding is present or uncertain in the report-derived labels.""}]","[{""label"": ""Atelectasis"", ""status"": ""absent"", ""evidence"": ""No report evidence found for this label.""}, {""label"": ""Cardiomegaly"", ""status"": ""absent"", ""evidence"": ""No report evidence found for this label.""}, {""label"": ""Consolidation"", ""status"": ""uncertain"", ""evidence"": ""subtle opacity just lateral to the cardiac apex in the left base may represent a small area of pulmonary contusion or other cause for small focus of consolidation""}, {""label"": ""Edema"", ""status"": ""absent"", ""evidence"": ""No report evidence found for this label.""}, {""label"": ""Pleural Effusion"", ""status"": ""absent"", ""evidence"": ""No report evidence found for this label.""}, {""label"": ""Pneumonia"", ""status"": ""absent"", ""evidence"": ""No report evidence found for this label.""}, {""label"": ""Pneumothorax"", ""status"": ""absent"", ""evidence"": ""no evidence of pneumothorax""}, {""label"": ""Fracture"", ""status"": ""present"", ""evidence"": ""acute to subacute left posterior sixth rib fracture""}, {""label"": ""Lung Lesion"", ""status"": ""absent"", ""evidence"": ""No report evidence found for this label.""}, {""label"": ""Lung Opacity"", ""status"": ""present"", ""evidence"": ""subtle opacity just lateral to the cardiac apex in the left base may represent a small area of pulmonary contusion or other cause for small focus of consolidation""}, {""label"": ""Enlarged Cardiomediastinum"", ""status"": ""absent"", ""evidence"": ""No report evidence found for this label.""}, {""label"": ""Pleural Other"", ""status"": ""present"", ""evidence"": ""minimal left pleural thickening may represent small amount of blood in the pleural space""}, {""label"": ""Support Devices"", ""status"": ""absent"", ""evidence"": ""No report evidence found for this label.""}, {""label"": ""No Finding"", ""status"": ""absent"", ""evidence"": ""At least one finding is present or uncertain in the report-derived labels.""}]","[{""label"": ""Atelectasis"", ""status"": ""uncertain"", ""confidence"": 0.45, ""evidence"": ""Classifier status=present. Classifier probability=0.5186852216720581. Rule=borderline classifier probability; retrieval mentions retained as context only. Retrieval positive mentions=2; negative mentions=0. Example positive retrieval sentence: discoid atelectasis in the bilateral bases"", ""evidence_type"": ""combined""}, {""label"": ""Cardiomegaly"", ""status"": ""uncertain"", ""confidence"": 0.45, ""evidence"": ""Classifier status=present. Classifier probability=0.5449814796447754. Rule=borderline classifier probability; retrieval mentions retained as context only. Retrieval positive mentions=0; negative mentions=0."", ""evidence_type"": ""combined""}, {""label"": ""Consolidation"", ""status"": ""uncertain"", ""confidence"": 0.35, ""evidence"": ""Classifier status=uncertain. Classifier probability=0.4966476559638977. Rule=low-intermediate classifier probability. Retrieval positive mentions=4; negative mentions=0. Example positive retrieval sentence: pulmonary consolidation and small right effusion"", ""evidence_type"": ""combined""}, {""label"": ""Edema"", ""status"": ""absent"", ""confidence"": 0.85, ""evidence"": ""Classifier status=absent. Classifier probability=0.0946056023240089. Rule=low classifier probability. Retrieval positive mentions=0; negative mentions=2. Example negative retrieval sentence: there is no focal infiltrate, pulmonary edema, or"", ""evidence_type"": ""combined""}, {""label"": ""Pleural Effusion"", ""status"": ""absent"", ""confidence"": 0.85, ""evidence"": ""Classifier status=absent. Classifier probability=0.1539054065942764. Rule=low classifier probability. Retrieval positive mentions=12; negative mentions=0. Example positive retrieval sentence: pleural effusion is demonstrated"", ""evidence_type"": ""combined""}, {""label"": ""Pneumonia"", ""status"": ""absent"", ""confidence"": 0.85, ""evidence"": ""Classifier status=absent. Classifier probability=0.051358688622713. Rule=low classifier probability. Retrieval positive mentions=2; negative mentions=0. Example positive retrieval sentence: pneumonia"", ""evidence_type"": ""combined""}, {""label"": ""Pneumothorax"", ""status"": ""absent"", ""confidence"": 0.85, ""evidence"": ""Classifier status=absent. Classifier probability=0.0277386028319597. Rule=low classifier probability. Retrieval positive mentions=4; negative mentions=8. Example positive retrieval sentence: pneumothorax Example negative retrieval sentence: no pneumothorax is seen"", ""evidence_type"": ""combined""}, {""label"": ""Fracture"", ""status"": ""uncertain"", ""confidence"": 0.35, ""evidence"": ""Classifier status=uncertain. Classifier probability=0.4349505007266998. Rule=low-intermediate classifier probability. Retrieval positive mentions=18; negative mentions=4. Example positive retrieval sentence: clinical concern for right-sided rib fracture Example negative retrieval sentence: clear, with no obvious rib fractures or pneumothorax"", ""evidence_type"": ""combined""}, {""label"": ""Lung Lesion"", ""status"": ""absent"", ""confidence"": 0.85, ""evidence"": ""Classifier status=absent. Classifier probability=0.0076323389075696. Rule=low classifier probability. Retrieval positive mentions=0; negative mentions=0."", ""evidence_type"": ""combined""}, {""label"": ""Lung Opacity"", ""status"": ""uncertain"", ""confidence"": 0.35, ""evidence"": ""Classifier status=uncertain. Classifier probability=0.3128453195095062. Rule=low-intermediate classifier probability. Retrieval positive mentions=4; negative mentions=2. Example positive retrieval sentence: opacity is seen in the right lower lung adjacent to an apparent Example negative retrieval sentence: there is no focal infiltrate, pulmonary edema, or"", ""evidence_type"": ""combined""}, {""label"": ""Enlarged Cardiomediastinum"", ""status"": ""absent"", ""confidence"": 0.85, ""evidence"": ""Classifier status=absent. Classifier probability=0.1995251625776291. Rule=low classifier probability. Retrieval positive mentions=0; negative mentions=0."", ""evidence_type"": ""combined""}, {""label"": ""Pleural Other"", ""status"": ""absent"", ""confidence"": 0.85, ""evidence"": ""Classifier status=absent. Classifier probability=0.1572584211826324. Rule=low classifier probability. Retrieval positive mentions=0; negative mentions=0."", ""evidence_type"": ""combined""}, {""label"": ""Support Devices"", ""status"": ""uncertain"", ""confidence"": 0.35, ""evidence"": ""Classifier status=unavailable. Classifier probability=unavailable. Rule=classifier unavailable; retrieval mentions treated as contextual uncertainty only. Retrieval positive mentions=2; negative mentions=0. Example positive retrieval sentence: stable left subclavian venous catheter and feeding tube"", ""evidence_type"": ""combined""}, {""label"": ""No Finding"", ""status"": ""absent"", ""confidence"": 0.95, ""evidence"": ""No Finding is absent because disease-specific evidence is being evaluated."", ""evidence_type"": ""combined""}]","[""Ground-truth present disease labels predicted uncertain: ['Fracture', 'Lung Opacity']"", ""Disease status mismatches: ['Pleural Other']""]",The patient is a 37-year-old male with no significant abnormality on the chest radiograph. The lungs appear clear and there are no obvious rib fractures or pneumothorax.,"1. No significant abnormality identified.
2. No definite rib fracture or pneumothorax.","The patient is a 37-year-old male with no significant abnormality on the chest radiograph. The lungs appear clear and there are no obvious rib fractures or pneumothorax.
1. No significant abnormality identified.
2. No definite rib fracture or pneumothorax.",,"1. ACUTE TO SUBACUTE LEFT POSTERIOR SIXTH RIB FRACTURE.
 
2.NO EVIDENCE OF PNEUMOTHORAX.  MINIMAL LEFT PLEURAL THICKENING MAY 
REPRESENT SMALL AMOUNT OF BLOOD IN THE PLEURAL SPACE.
 
3.SUBTLE OPACITY JUST LATERAL TO THE CARDIAC APEX IN THE LEFT BASE 
MAY REPRESENT A SMALL AREA OF PULMONARY CONTUSION OR OTHER CAUSE FOR 
SMALL FOCUS OF CONSOLIDATION.
 
4.RIGHT LUNG IS CLEAR.
 
5.LOW LUNG VOLUMES.","1. ACUTE TO SUBACUTE LEFT POSTERIOR SIXTH RIB FRACTURE.
 
2.NO EVIDENCE OF PNEUMOTHORAX.  MINIMAL LEFT PLEURAL THICKENING MAY 
REPRESENT SMALL AMOUNT OF BLOOD IN THE PLEURAL SPACE.
 
3.SUBTLE OPACITY JUST LATERAL TO THE CARDIAC APEX IN THE LEFT BASE 
MAY REPRESENT A SMALL AREA OF PULMONARY CONTUSION OR OTHER CAUSE FOR 
SMALL FOCUS OF CONSOLIDATION.
 
4.RIGHT LUNG IS CLEAR.
 
5.LOW LUNG VOLUMES.",judge_agent_v1_deterministic_report_label_eval,complete
