path_to_image,path_to_dcm,frontal_lateral,ap_pa,deid_patient_id,patient_report_date_order,age,sex,race,ethnicity,split,section_findings,section_impression
train/patient00003/study1/view1_frontal.jpg,train/patient00003/study1/view1_frontal.dcm,Frontal,AP,patient00003,1,41.0,Male,White,Non-Hispanic/Non-Latino,train," Costophrenic angles sharp, without evidence of effusion.
The cardiomediastinal silhouette is normal. Vessels mildly
indistinct with prominence of interstitial structures, suggesting
mild, pulmonary edema. Left subclavian central venous catheter is
seen, tip in mid SVC. No pneumothorax.
","
1. NO EVIDENCE OF PNEUMOTHORAX.
2. MILD INTERSTITIAL PULMONARY EDEMA.
"
train/patient00007/study1/view1_frontal.jpg,train/patient00007/study1/view1_frontal.dcm,Frontal,AP,patient00007,1,69.0,Male,Other,Hispanic/Latino,train,," 
 
Low lung volumes, and overlying trauma board limit evaluation.  There 
is prominence of the cardiac shadow, likely reflecting cardiomegaly, 
and retrocardiac opacity, likely representing atelectasis.  No 
definite pleural fluid.  The left costophrenic sulcus is not 
included, limiting evaluation for pneumothorax.
 
Endotracheal tube tip is in the mid trachea, overlying the T4 
vertebral body.
 
No fracture identified.
 
"
train/patient00007/study2/view1_frontal.jpg,train/patient00007/study2/view1_frontal.dcm,Frontal,AP,patient00007,2,69.0,Male,Other,Hispanic/Latino,train,," 
 
Low lung volumes.  Stable moderate enlargement of the 
cardiomediastinal silhouette.  Normal pulmonary vascularity.  Patchy 
opacity at the left lung base, likely atelectasis.  No pleural 
effusion or pneumothorax.  No fractures identified.
 
Endotracheal tube tip is in the mid trachea, overlying the T4 
vertebral body.
 
"
train/patient00009/study1/view2_lateral.jpg,train/patient00009/study1/view2_lateral.dcm,Lateral,,patient00009,1,76.0,Male,Asian,Non-Hispanic/Non-Latino,train,,"
1. PA AND LATERAL CHEST RADIOGRAPH. THE HEART IS ENLARGED, WITH
A CTR OF 16/29. NO CEPHALIZATION OR OVERT PULMONARY EDEMA. LINEAR
SHADOWING IS SEEN AT BOTH LUNG BASES, SUGGESTING ATELECTASIS, MOST
MARKED ON THE RIGHT. ON THE LATERAL VIEW, THIS APPEARS TO LIE
WITHIN THE RIGHT MIDDLE LOBE. THE LUNG APICES APPEAR CLEAR.
2. DISC DEGENERATION IS SEEN THROUGHOUT THE THORACIC SPINE,
WITHOUT SIGNIFICANT VERTEBRAL BODY COLLAPSE.
"
train/patient00009/study1/view1_frontal.jpg,train/patient00009/study1/view1_frontal.dcm,Frontal,PA,patient00009,2,76.0,Male,Asian,Non-Hispanic/Non-Latino,train,,"
1. PA AND LATERAL CHEST RADIOGRAPH. THE HEART IS ENLARGED, WITH
A CTR OF 16/29. NO CEPHALIZATION OR OVERT PULMONARY EDEMA. LINEAR
SHADOWING IS SEEN AT BOTH LUNG BASES, SUGGESTING ATELECTASIS, MOST
MARKED ON THE RIGHT. ON THE LATERAL VIEW, THIS APPEARS TO LIE
WITHIN THE RIGHT MIDDLE LOBE. THE LUNG APICES APPEAR CLEAR.
2. DISC DEGENERATION IS SEEN THROUGHOUT THE THORACIC SPINE,
WITHOUT SIGNIFICANT VERTEBRAL BODY COLLAPSE.
"
train/patient00016/study1/view2_lateral.jpg,train/patient00016/study1/view2_lateral.dcm,Lateral,,patient00016,2,54.0,Female,Asian,Non-Hispanic/Non-Latino,train,,"
 
1. ACUTE TO SUBACUTE LEFT POSTERIOR SIXTH RIB FRACTURE.
 
2.NO EVIDENCE OF PNEUMOTHORAX.  MINIMAL LEFT PLEURAL THICKENING MAY 
REPRESENT SMALL AMOUNT OF BLOOD IN THE PLEURAL SPACE.
 
3.SUBTLE OPACITY JUST LATERAL TO THE CARDIAC APEX IN THE LEFT BASE 
MAY REPRESENT A SMALL AREA OF PULMONARY CONTUSION OR OTHER CAUSE FOR 
SMALL FOCUS OF CONSOLIDATION.
 
4.RIGHT LUNG IS CLEAR.
 
5.LOW LUNG VOLUMES.
 
"
train/patient00016/study1/view1_frontal.jpg,train/patient00016/study1/view1_frontal.dcm,Frontal,PA,patient00016,1,54.0,Female,Asian,Non-Hispanic/Non-Latino,train,,"
 
1. ACUTE TO SUBACUTE LEFT POSTERIOR SIXTH RIB FRACTURE.
 
2.NO EVIDENCE OF PNEUMOTHORAX.  MINIMAL LEFT PLEURAL THICKENING MAY 
REPRESENT SMALL AMOUNT OF BLOOD IN THE PLEURAL SPACE.
 
3.SUBTLE OPACITY JUST LATERAL TO THE CARDIAC APEX IN THE LEFT BASE 
MAY REPRESENT A SMALL AREA OF PULMONARY CONTUSION OR OTHER CAUSE FOR 
SMALL FOCUS OF CONSOLIDATION.
 
4.RIGHT LUNG IS CLEAR.
 
5.LOW LUNG VOLUMES.
 
"
train/patient00021/study1/view1_frontal.jpg,train/patient00021/study1/view1_frontal.dcm,Frontal,PA,patient00021,1,36.0,Female,Asian,Non-Hispanic/Non-Latino,train,,"
1. NO FOCAL CONSOLIDATION OR EVIDENCE OF LYMPHADENOPATHY. NORMAL
CHEST.
"
train/patient00026/study1/view1_frontal.jpg,train/patient00026/study1/view1_frontal.dcm,Frontal,PA,patient00026,2,42.0,Female,Unknown,Unknown,train,"
Low lung volumes. Discoid atelectasis and consolidation seen in
the left lower lobe with an elevated left hemidiaphragm. This is
unchanged from the previous chest x-ray.
","
DISCOID CONSOLIDATION AND ATELECTASIS OF THE LEFT LOWER LOBE.
UNCHANGED FROM THE PREVIOUS CHEST X-RAY.
"
train/patient00026/study1/view2_lateral.jpg,train/patient00026/study1/view2_lateral.dcm,Lateral,,patient00026,1,42.0,Female,Unknown,Unknown,train,"
Low lung volumes. Discoid atelectasis and consolidation seen in
the left lower lobe with an elevated left hemidiaphragm. This is
unchanged from the previous chest x-ray.
","
DISCOID CONSOLIDATION AND ATELECTASIS OF THE LEFT LOWER LOBE.
UNCHANGED FROM THE PREVIOUS CHEST X-RAY.
"
