label,f1_vision,precision_vision,recall_vision,tp_vision,fp_vision,fn_vision,f1_fusion,precision_fusion,recall_fusion,tp_fusion,fp_fusion,fn_fusion,f1_delta,recall_delta,precision_delta,tp_delta,fp_delta,fn_delta,total_cells,gray_zone_cells,changed_cells,changed_rate,promotions,demotions,other_changes,promotion_tp,promotion_fp,promotion_unscored,demotion_tp,demotion_fp,demotion_unscored,net_tp_change,net_fp_change,net_fn_change
Pneumothorax,0.5942857142857143,0.6046511627906976,0.5842696629213483,52,34,37,0.5930232558139534,0.6144578313253012,0.5730337078651685,51,32,37,-0.0012624584717608744,-0.011235955056179803,0.009806668534603546,-1,-2,0,906,160,15,0.0165562913907284,5,10,0,0,0,5,2,1,7,-1,-2,1
Enlarged Cardiomediastinum,0.6078431372549019,0.7948717948717948,0.492063492063492,31,8,32,0.6078431372549019,0.7948717948717948,0.492063492063492,31,8,32,0.0,0.0,0.0,0,0,0,906,145,0,0.0,0,0,0,0,0,0,0,0,0,0,0,0
Pleural Other,0.7142857142857143,1.0,0.5555555555555556,35,0,28,0.7142857142857143,1.0,0.5555555555555556,35,0,28,0.0,0.0,0.0,0,0,0,906,135,11,0.0121412803532008,10,1,0,0,0,10,0,0,1,0,0,0
Pneumonia,0.74,1.0,0.5873015873015873,37,0,26,0.74,1.0,0.5873015873015873,37,0,26,0.0,0.0,0.0,0,0,0,906,221,18,0.0198675496688741,18,0,0,0,0,18,0,0,0,0,0,0
Fracture,0.6725663716814159,0.9047619047619048,0.5352112676056338,38,4,33,0.689655172413793,0.8888888888888888,0.5633802816901409,40,5,31,0.017088800732377174,0.028169014084507116,-0.015873015873015928,2,1,-2,906,174,26,0.0286975717439293,26,0,0,2,1,23,0,0,0,2,1,-2
Cardiomegaly,0.7100591715976331,0.8695652173913043,0.6,60,9,40,0.7356321839080459,0.8648648648648649,0.64,64,10,36,0.025573012310412757,0.040000000000000036,-0.004700352526439411,4,1,-4,906,125,25,0.0275938189845474,25,0,0,4,1,20,0,0,0,4,1,-4
Consolidation,0.726027397260274,0.8983050847457628,0.6091954022988506,53,6,34,0.7516778523489932,0.9032258064516128,0.6436781609195402,56,6,31,0.025650455088719215,0.03448275862068961,0.004920721705850006,3,0,-3,906,157,51,0.0562913907284768,47,4,0,3,0,44,0,0,4,3,0,-3
Lung Opacity,0.7703349282296651,1.0,0.6264591439688716,161,0,96,0.8074245939675174,1.0,0.6770428015564203,174,0,83,0.03708966573785233,0.05058365758754868,0.0,13,0,-13,906,165,63,0.0695364238410596,63,0,0,13,0,50,0,0,0,13,0,-13
Lung Lesion,0.7927927927927928,1.0,0.6567164179104478,44,0,23,0.8347826086956522,1.0,0.7164179104477612,48,0,19,0.04198981590285944,0.05970149253731338,0.0,4,0,-4,906,136,18,0.0198675496688741,18,0,0,4,0,14,0,0,0,4,0,-4
Pleural Effusion,0.7010309278350516,0.9251700680272108,0.5643153526970954,136,11,105,0.7506172839506173,0.926829268292683,0.6307053941908713,152,12,89,0.04958635611556572,0.06639004149377592,0.0016592002654721716,16,1,-16,906,129,45,0.0496688741721854,45,0,0,16,1,28,0,0,0,16,1,-16
Atelectasis,0.6762589928057554,1.0,0.5108695652173914,47,0,45,0.7397260273972603,1.0,0.5869565217391305,54,0,38,0.06346703459150493,0.07608695652173914,0.0,7,0,-7,906,124,55,0.0607064017660044,55,0,0,7,0,48,0,0,0,7,0,-7
Edema,0.6631016042780749,0.9393939393939394,0.512396694214876,62,4,59,0.730964467005076,0.9473684210526316,0.5950413223140496,72,4,49,0.06786286272700115,0.08264462809917361,0.00797448165869219,10,0,-10,906,142,62,0.0684326710816777,62,0,0,10,0,52,0,0,0,10,0,-10
