label,f1_vision,precision_vision,recall_vision,tp_vision,fp_vision,fn_vision,f1_fusion,precision_fusion,recall_fusion,tp_fusion,fp_fusion,fn_fusion,f1_delta,recall_delta,precision_delta,tp_delta,fp_delta,fn_delta
Pneumothorax,0.358974358974359,0.3684210526315789,0.35,7,12,13,0.3333333333333332,0.375,0.3,6,10,13,-0.025641025641025772,-0.04999999999999999,0.006578947368421073,-1,-2,0
Enlarged Cardiomediastinum,0.4705882352941176,0.8,0.3333333333333333,4,1,8,0.4705882352941176,0.8,0.3333333333333333,4,1,8,0.0,0.0,0.0,0,0,0
Pleural Other,0.6666666666666666,1.0,0.5,8,0,8,0.6666666666666666,1.0,0.5,8,0,8,0.0,0.0,0.0,0,0,0
Pneumonia,0.6923076923076924,1.0,0.5294117647058824,9,0,8,0.6923076923076924,1.0,0.5294117647058824,9,0,8,0.0,0.0,0.0,0,0,0
Fracture,0.75,0.9,0.6428571428571429,9,1,5,0.8148148148148148,0.8461538461538461,0.7857142857142857,11,2,3,0.06481481481481477,0.1428571428571428,-0.05384615384615388,2,1,-2
Consolidation,0.7368421052631577,0.7777777777777778,0.7,14,4,6,0.8292682926829269,0.8095238095238095,0.85,17,4,3,0.09242618741976916,0.15000000000000002,0.031746031746031744,3,0,-3
Cardiomegaly,0.6976744186046512,0.7894736842105263,0.625,15,4,9,0.7916666666666666,0.7916666666666666,0.7916666666666666,19,5,5,0.09399224806201545,0.16666666666666663,0.002192982456140302,4,1,-4
Lung Opacity,0.732394366197183,1.0,0.5777777777777777,26,0,19,0.9285714285714286,1.0,0.8666666666666667,39,0,6,0.1961770623742456,0.288888888888889,0.0,13,0,-13
Pleural Effusion,0.6470588235294118,0.88,0.5116279069767442,22,3,21,0.8941176470588236,0.9047619047619048,0.8837209302325582,38,4,5,0.24705882352941178,0.37209302325581395,0.024761904761904763,16,1,-16
Atelectasis,0.7407407407407407,1.0,0.5882352941176471,10,0,7,1.0,1.0,1.0,17,0,0,0.2592592592592593,0.4117647058823529,0.0,7,0,-7
Lung Lesion,0.5882352941176471,1.0,0.4166666666666667,5,0,7,0.8571428571428571,1.0,0.75,9,0,3,0.26890756302521,0.3333333333333333,0.0,4,0,-4
Edema,0.5,1.0,0.3333333333333333,8,0,16,0.8571428571428571,1.0,0.75,18,0,6,0.3571428571428571,0.4166666666666667,0.0,10,0,-10
