filename,true_quality_score,predicted_quality_score,absolute_error,true_clinical_level,predicted_clinical_level
0528.tif,2.4,2.9606,0.5606,2,3
0635.tif,2.6,2.067,0.533,3,2
0753.tif,4.8,4.2696,0.5304,5,4
0237.tif,3.2,2.6779,0.5221,3,3
0063.tif,2.8,3.2886,0.4886,3,3
0499.tif,3.4,2.9466,0.4534,3,3
0265.tif,2.8,3.2469,0.4469,3,3
0865.tif,2.0,2.4453,0.4453,2,2
0689.tif,3.2,2.7609,0.4391,3,3
0811.tif,2.8,2.3709,0.4291,3,2
0816.tif,3.8,4.2161,0.4161,4,4
0137.tif,1.8,2.2035,0.4035,2,2
0247.tif,4.6,4.1983,0.4017,5,4
0867.tif,2.6,2.203,0.397,3,2
0408.tif,5.0,4.6117,0.3883,5,5
0309.tif,3.4,3.034,0.366,3,3
0235.tif,1.2,1.564,0.364,1,2
0740.tif,1.6,1.964,0.364,2,2
0810.tif,1.0,1.3614,0.3614,1,1
0321.tif,2.0,1.6399,0.3601,2,2
