label,total_cells,gray_zone_cells,changed_cells,changed_rate,promotions,demotions,other_changes,promotion_tp,promotion_fp,promotion_unscored,demotion_tp,demotion_fp,demotion_unscored,net_tp_change,net_fp_change,net_fn_change
Atelectasis,906,124,124,0.1368653421633554,0,59,65,0,0,0,0,10,49,-10,0,10
Cardiomegaly,906,126,126,0.1390728476821192,0,57,69,0,0,0,4,15,38,-15,-4,15
Consolidation,906,157,157,0.17328918322295805,0,74,83,0,0,0,4,14,56,-14,-4,14
Edema,906,142,142,0.15673289183222958,0,43,99,0,0,0,0,8,35,-8,0,8
Enlarged Cardiomediastinum,906,145,145,0.1600441501103753,0,59,86,0,0,0,1,4,54,-4,-1,4
Fracture,906,174,174,0.19205298013245034,0,73,101,0,0,0,1,9,63,-9,-1,9
Lung Lesion,906,136,136,0.15011037527593818,0,55,81,0,0,0,0,5,50,-5,0,5
Lung Opacity,906,165,165,0.18211920529801323,0,73,92,0,0,0,0,26,47,-26,0,26
Pleural Effusion,906,129,129,0.1423841059602649,0,62,67,0,0,0,3,22,37,-22,-3,22
Pleural Other,906,135,135,0.1490066225165563,0,56,79,0,0,0,0,8,48,-8,0,8
Pneumonia,906,220,220,0.24282560706401765,0,95,125,0,0,0,0,9,86,-9,0,9
Pneumothorax,906,159,159,0.17549668874172186,0,50,109,0,0,0,13,7,30,-7,-13,7
