inspection_group,study_key,dicom_path,preview_path,recommended_pseudo_quality_score_0_5,recommended_quality_gate,normalized_quality_hints,sharpness_score,contrast_score,noise_score,exposure_score,view_position,photometric
low,patient00055/study2,patient00055/study2/view1_frontal.dcm,/home/jovyan/Desktop/MEDAGENT-X/outputs/chexpert_plus/pseudo_quality_inspection/previews/low_patient00055_study2.png,1.3784,review,,0.5043637390716523,0.1367928864630213,0.111160765612967,0.0,PA,MONOCHROME2
low,patient00045/study1,patient00045/study1/view1_frontal.dcm,/home/jovyan/Desktop/MEDAGENT-X/outputs/chexpert_plus/pseudo_quality_inspection/previews/low_patient00045_study1.png,1.6436,review,,0.1777728552806481,0.1068351380014488,0.6564089754742449,0.0,PA,MONOCHROME2
low,patient00070/study1,patient00070/study1/view1_frontal.dcm,/home/jovyan/Desktop/MEDAGENT-X/outputs/chexpert_plus/pseudo_quality_inspection/previews/low_patient00070_study1.png,2.0304,review,,0.1209794882717456,0.0694087323698086,0.7757409153869743,0.7109198828509167,PA,MONOCHROME2
low,patient00058/study1,patient00058/study1/view1_frontal.dcm,/home/jovyan/Desktop/MEDAGENT-X/outputs/chexpert_plus/pseudo_quality_inspection/previews/low_patient00058_study1.png,2.0419,review,,0.0659961836432852,0.0,0.8035376355714784,0.8745547103467763,PA,MONOCHROME2
low,patient00026/study1,patient00026/study1/view1_frontal.dcm,/home/jovyan/Desktop/MEDAGENT-X/outputs/chexpert_plus/pseudo_quality_inspection/previews/low_patient00026_study1.png,2.1453,review,low_lung_volume,0.0156707964724884,0.0,0.948713428038048,0.969323360436309,PA,MONOCHROME2
middle,patient00048/study1,patient00048/study1/view1_frontal.dcm,/home/jovyan/Desktop/MEDAGENT-X/outputs/chexpert_plus/pseudo_quality_inspection/previews/middle_patient00048_study1.png,2.9026,review,portable,0.6016861938256803,0.3793258640689475,0.2240389508207839,0.7628064680441103,AP,MONOCHROME1
middle,patient00067/study3,patient00067/study3/view1_frontal.dcm,/home/jovyan/Desktop/MEDAGENT-X/outputs/chexpert_plus/pseudo_quality_inspection/previews/middle_patient00067_study3.png,2.9023,review,,0.3872409033621776,0.5518273679182416,0.4151754214823291,0.6016215812305425,PA,MONOCHROME1
middle,patient00078/study7,patient00078/study7/view1_frontal.dcm,/home/jovyan/Desktop/MEDAGENT-X/outputs/chexpert_plus/pseudo_quality_inspection/previews/middle_patient00078_study7.png,2.9085,review,,0.4584392364815899,0.4049036809891199,0.3693692097209128,0.7482440656525244,AP,MONOCHROME1
middle,patient00038/study3,patient00038/study3/view1_frontal.dcm,/home/jovyan/Desktop/MEDAGENT-X/outputs/chexpert_plus/pseudo_quality_inspection/previews/middle_patient00038_study3.png,2.9159,review,,0.083476907758618,0.2157468422544977,0.8750861933732555,0.9609095761618216,AP,MONOCHROME1
middle,patient00049/study3,patient00049/study3/view1_frontal.dcm,/home/jovyan/Desktop/MEDAGENT-X/outputs/chexpert_plus/pseudo_quality_inspection/previews/middle_patient00049_study3.png,2.9173,review,portable,0.1522109722712486,0.2835577746833231,0.782184666551408,0.9151108538657948,AP,MONOCHROME1
high,patient00007/study1,patient00007/study1/view1_frontal.dcm,/home/jovyan/Desktop/MEDAGENT-X/outputs/chexpert_plus/pseudo_quality_inspection/previews/high_patient00007_study1.png,3.6247,proceed,low_lung_volume,1.0,1.0,0.0202239929816052,0.5392918111185308,AP,MONOCHROME1
high,patient00078/study5,patient00078/study5/view1_frontal.dcm,/home/jovyan/Desktop/MEDAGENT-X/outputs/chexpert_plus/pseudo_quality_inspection/previews/high_patient00078_study5.png,3.3106,review,portable,0.6020971802802456,0.5898966633168804,0.2458178352869778,0.9963986258471148,AP,MONOCHROME1
high,patient00038/study1,patient00038/study1/view1_frontal.dcm,/home/jovyan/Desktop/MEDAGENT-X/outputs/chexpert_plus/pseudo_quality_inspection/previews/high_patient00038_study1.png,3.2638,review,portable,0.1454191562924192,0.5772929912820796,0.8145535931691952,0.9535617205227338,AP,MONOCHROME1
high,patient00067/study1,patient00067/study1/view1_frontal.dcm,/home/jovyan/Desktop/MEDAGENT-X/outputs/chexpert_plus/pseudo_quality_inspection/previews/high_patient00067_study1.png,3.2586,review,,0.5073232567358532,0.5970347197236087,0.3218103776711023,0.9408461140798592,AP,MONOCHROME1
high,patient00082/study1,patient00082/study1/view1_frontal.dcm,/home/jovyan/Desktop/MEDAGENT-X/outputs/chexpert_plus/pseudo_quality_inspection/previews/high_patient00082_study1.png,3.25,review,,1.0,1.0,0.0,0.0,PA,MONOCHROME1
