run_name,label,eval_scope,scoreable_cells,gt_present,gt_absent,pred_present,pred_absent,tp,tn,fp,fn,precision,recall,f1,specificity,coverage_rate
vision_full,Atelectasis,full,92,92,0,193,713,47,0,0,45,1.0,0.5108695652173914,0.6762589928057554,,0.10154525386313466
vision_full,Cardiomegaly,full,159,100,59,172,734,60,50,9,40,0.8695652173913043,0.6,0.7100591715976331,0.847457627118644,0.17549668874172186
vision_full,Consolidation,full,103,87,16,252,654,53,10,6,34,0.8983050847457628,0.6091954022988506,0.726027397260274,0.625,0.11368653421633554
vision_full,Edema,full,139,121,18,217,689,62,14,4,59,0.9393939393939394,0.512396694214876,0.6631016042780749,0.7777777777777778,0.1534216335540839
vision_full,Enlarged Cardiomediastinum,full,111,63,48,201,705,31,40,8,32,0.7948717948717948,0.49206349206349204,0.6078431372549019,0.8333333333333334,0.12251655629139073
vision_full,Fracture,full,79,71,8,192,714,38,4,4,33,0.9047619047619048,0.5352112676056338,0.6725663716814159,0.5,0.08719646799116998
vision_full,Lung Lesion,full,67,67,0,196,710,44,0,0,23,1.0,0.6567164179104478,0.7927927927927928,,0.0739514348785872
vision_full,Lung Opacity,full,258,257,1,321,585,161,1,0,96,1.0,0.6264591439688716,0.7703349282296651,1.0,0.2847682119205298
vision_full,Pleural Effusion,full,267,241,26,254,652,136,15,11,105,0.9251700680272109,0.5643153526970954,0.7010309278350516,0.5769230769230769,0.2947019867549669
vision_full,Pleural Other,full,63,63,0,170,736,35,0,0,28,1.0,0.5555555555555556,0.7142857142857143,,0.0695364238410596
vision_full,Pneumonia,full,63,63,0,298,608,37,0,0,26,1.0,0.5873015873015873,0.74,,0.0695364238410596
vision_full,Pneumothorax,full,223,89,134,151,755,52,99,35,37,0.5977011494252874,0.5842696629213483,0.5909090909090909,0.7388059701492538,0.24613686534216336
vision_gray_zone,Atelectasis,gray_zone,17,17,0,59,65,10,0,0,7,1.0,0.5882352941176471,0.7407407407407407,,0.13709677419354838
vision_gray_zone,Cardiomegaly,gray_zone,35,24,11,57,69,15,7,4,9,0.7894736842105263,0.625,0.6976744186046512,0.6363636363636364,0.2777777777777778
vision_gray_zone,Consolidation,gray_zone,27,20,7,74,83,14,3,4,6,0.7777777777777778,0.7,0.7368421052631577,0.42857142857142855,0.17197452229299362
vision_gray_zone,Edema,gray_zone,24,24,0,43,99,8,0,0,16,1.0,0.3333333333333333,0.5,,0.16901408450704225
vision_gray_zone,Enlarged Cardiomediastinum,gray_zone,19,12,7,59,86,4,6,1,8,0.8,0.3333333333333333,0.47058823529411764,0.8571428571428571,0.1310344827586207
vision_gray_zone,Fracture,gray_zone,17,14,3,73,101,9,2,1,5,0.9,0.6428571428571429,0.75,0.6666666666666666,0.09770114942528736
vision_gray_zone,Lung Lesion,gray_zone,12,12,0,55,81,5,0,0,7,1.0,0.4166666666666667,0.5882352941176471,,0.08823529411764706
vision_gray_zone,Lung Opacity,gray_zone,45,45,0,73,92,26,0,0,19,1.0,0.5777777777777777,0.732394366197183,,0.2727272727272727
vision_gray_zone,Pleural Effusion,gray_zone,49,43,6,62,67,22,3,3,21,0.88,0.5116279069767442,0.6470588235294118,0.5,0.3798449612403101
vision_gray_zone,Pleural Other,gray_zone,16,16,0,56,79,8,0,0,8,1.0,0.5,0.6666666666666666,,0.11851851851851852
vision_gray_zone,Pneumonia,gray_zone,17,17,0,95,125,9,0,0,8,1.0,0.5294117647058824,0.6923076923076924,,0.07727272727272727
vision_gray_zone,Pneumothorax,gray_zone,57,20,37,50,109,7,24,13,13,0.35,0.35,0.35,0.6486486486486487,0.3584905660377358
