contradicting_evidence,contradiction_level,evidence_score,evidence_summary,fused_status,fusion_changed,fusion_reason,in_gray_zone,label,retrieval_negative_count,retrieval_positive_count,retrieval_support,supporting_evidence,vision_status,vision_support,study_key,policy,policy_raw,supporting_snippet_count,contradicting_snippet_count
[],none,5,fused=present; p=0.9731; threshold=0.5600; retrieval_pos=12; retrieval_neg=0; evidence_score=5,present,False,vision kept (strong zone),False,Atelectasis,0,12,strong,"[{'case_id': 'patient41184/study10', 'similarity': 0.35304439067840576, 'snippet': 'edema, basilar atelectasis, and size of the left pleural effusion'}, {'case_id': 'patient41184/study10', 'similarity': 0.35304439067840576, 'snippet': 'persistent cardiomegaly, low lung volumes, basilar atelectasis,'}, {'case_id': 'patient41184/study8', 'similarity': 0.3436582088470459, 'snippet': 'there is unchanged atelectasis at the left greater'}]",present,strong,patient00877/study13,evidence_verification_without_LLM,evidence_verification_policy_v1,3,0
[],none,5,fused=present; p=0.9756; threshold=0.5000; retrieval_pos=11; retrieval_neg=0; evidence_score=5,present,False,vision kept (strong zone),False,Cardiomegaly,0,11,strong,"[{'case_id': 'patient36640/study4', 'similarity': 0.3699195384979248, 'snippet': 'mildly enlarged cardiac silhouette is stable'}, {'case_id': 'patient41184/study10', 'similarity': 0.35304439067840576, 'snippet': 'persistent cardiomegaly, low lung volumes, basilar atelectasis,'}, {'case_id': 'patient41184/study8', 'similarity': 0.3436582088470459, 'snippet': 'stable postoperative chest with persisting cardiomegaly,'}]",present,strong,patient00877/study13,evidence_verification_without_LLM,evidence_verification_policy_v1,3,0
[],none,5,fused=present; p=0.8281; threshold=0.4500; retrieval_pos=8; retrieval_neg=0; evidence_score=5,present,False,vision kept (strong zone),False,Consolidation,0,8,strong,"[{'case_id': 'patient01167/study49', 'similarity': 0.3412702679634094, 'snippet': 'pulmonary basilar consolidation also noted'}, {'case_id': 'patient01167/study49', 'similarity': 0.3412702679634094, 'snippet': 'patchy left pulmonary basilar consolidation and small left'}, {'case_id': 'patient27649/study11', 'similarity': 0.32489001750946045, 'snippet': 'bibasilar opacities may reflect atelectasis or consolidation'}]",present,strong,patient00877/study13,evidence_verification_without_LLM,evidence_verification_policy_v1,3,0
[],none,5,fused=present; p=0.9609; threshold=0.4539; retrieval_pos=11; retrieval_neg=0; evidence_score=5,present,False,vision kept (strong zone),False,Edema,0,11,strong,"[{'case_id': 'patient41184/study10', 'similarity': 0.35304439067840576, 'snippet': 'edema, basilar atelectasis, and size of the left pleural effusion'}, {'case_id': 'patient41184/study10', 'similarity': 0.35304439067840576, 'snippet': 'left pleural effusion, and mild pulmonary edema'}, {'case_id': 'patient01167/study49', 'similarity': 0.3412702679634094, 'snippet': 'mild interstitial edema is now identified in the mid to lower lungs'}]",present,strong,patient00877/study13,evidence_verification_without_LLM,evidence_verification_policy_v1,3,0
[],none,5,fused=present; p=0.9336; threshold=0.6000; retrieval_pos=18; retrieval_neg=0; evidence_score=5,present,False,vision kept (strong zone),False,Pleural Effusion,0,18,strong,"[{'case_id': 'patient36640/study4', 'similarity': 0.3699195384979248, 'snippet': 'effusions have increased'}, {'case_id': 'patient36640/study4', 'similarity': 0.3699195384979248, 'snippet': 'increasing left pleural effusion'}, {'case_id': 'patient36640/study4', 'similarity': 0.3699195384979248, 'snippet': 'increasing left pleural effusion'}]",present,strong,patient00877/study13,evidence_verification_without_LLM,evidence_verification_policy_v1,3,0
[],none,2,fused=present; p=0.3682; threshold=0.2800; retrieval_pos=0; retrieval_neg=0; evidence_score=2,present,False,"vision kept (gray zone, insufficient retrieval signal)",True,Pneumonia,0,0,none,[],present,moderate,patient00877/study13,evidence_verification_without_LLM,evidence_verification_policy_v1,0,0
"[{'case_id': 'patient36640/study4', 'similarity': 0.3699195384979248, 'snippet': 'no pneumothorax'}, {'case_id': 'patient01167/study49', 'similarity': 0.3412702679634094, 'snippet': 'the lungs are otherwise clear, without pneumothorax demonstrated'}, {'case_id': 'patient01167/study49', 'similarity': 0.3412702679634094, 'snippet': 'ventricular lead, without pneumothorax identified'}]",strong,1,fused=present; p=0.4944; threshold=0.3300; retrieval_pos=2; retrieval_neg=4; evidence_score=1,present,False,vision kept (strong zone),False,Pneumothorax,4,2,contradictory,"[{'case_id': 'patient21744/study11', 'similarity': 0.3113201856613159, 'snippet': 'pneumothorax is present on right'}, {'case_id': 'patient21744/study11', 'similarity': 0.3113201856613159, 'snippet': 'the left pneumothorax is'}]",present,strong,patient00877/study13,evidence_verification_without_LLM,evidence_verification_policy_v1,2,3
[],none,4,fused=present; p=0.9395; threshold=0.4200; retrieval_pos=1; retrieval_neg=0; evidence_score=4,present,False,vision kept (strong zone),False,Fracture,0,1,weak,"[{'case_id': 'patient36640/study4', 'similarity': 0.3699195384979248, 'snippet': 'fractures are again seen'}]",present,strong,patient00877/study13,evidence_verification_without_LLM,evidence_verification_policy_v1,1,0
[],none,2,fused=present; p=0.4404; threshold=0.3900; retrieval_pos=0; retrieval_neg=0; evidence_score=2,present,False,"vision kept (gray zone, insufficient retrieval signal)",True,Lung Lesion,0,0,none,[],present,moderate,patient00877/study13,evidence_verification_without_LLM,evidence_verification_policy_v1,0,0
[],none,4,fused=present; p=0.9653; threshold=0.6200; retrieval_pos=3; retrieval_neg=0; evidence_score=4,present,False,vision kept (strong zone),False,Lung Opacity,0,3,moderate,"[{'case_id': 'patient44541/study6', 'similarity': 0.3135737180709839, 'snippet': 'obscured due to interval development of confluent opacity of the left'}, {'case_id': 'patient44541/study6', 'similarity': 0.3135737180709839, 'snippet': 'persistent retrocardiac opacity, likely reflecting'}, {'case_id': 'patient17869/study10', 'similarity': 0.3072561025619507, 'snippet': 'persistent left basilar opacity may reflect atelectasis or'}]",present,strong,patient00877/study13,evidence_verification_without_LLM,evidence_verification_policy_v1,3,0
[],none,3,fused=present; p=0.8867; threshold=0.3500; retrieval_pos=0; retrieval_neg=0; evidence_score=3,present,False,vision kept (strong zone),False,Enlarged Cardiomediastinum,0,0,none,[],present,strong,patient00877/study13,evidence_verification_without_LLM,evidence_verification_policy_v1,0,0
[],none,4,fused=present; p=0.7178; threshold=0.5000; retrieval_pos=3; retrieval_neg=0; evidence_score=4,present,False,vision kept (strong zone),False,Cardiomegaly,0,3,moderate,"[{'case_id': 'patient44185/study12', 'similarity': 0.3931446075439453, 'snippet': 'cardiomegaly with patchy diffuse alveolar opacities, possibly'}, {'case_id': 'patient17307/study10', 'similarity': 0.3309871554374695, 'snippet': 'stable cardiomegaly'}, {'case_id': 'patient42273/study1', 'similarity': 0.2916806936264038, 'snippet': 'redemonstration of cardiomegaly with interval slight increase in'}]",present,strong,patient03387/study2,evidence_verification_without_LLM,evidence_verification_policy_v1,3,0
[],none,3,fused=present; p=0.5190; threshold=0.4500; retrieval_pos=3; retrieval_neg=0; evidence_score=3,present,False,"vision kept (gray zone, insufficient retrieval signal)",True,Consolidation,0,3,moderate,"[{'case_id': 'patient37682/study12', 'similarity': 0.2895393967628479, 'snippet': 'persistent bibasilar consolidations, right'}, {'case_id': 'patient37682/study12', 'similarity': 0.2895393967628479, 'snippet': 'persistent bibasilar consolidations,'}, {'case_id': 'patient42273/study10', 'similarity': 0.2753937244415283, 'snippet': 'region, which is concerning for developing consolidation'}]",present,moderate,patient03387/study2,evidence_verification_without_LLM,evidence_verification_policy_v1,3,0
"[{'case_id': 'patient17307/study11', 'similarity': 0.2869755029678345, 'snippet': 'no interval change in moderate pulmonary edema'}, {'case_id': 'patient16563/study12', 'similarity': 0.28085362911224365, 'snippet': 'no pulmonary edema'}]",none,4,fused=present; p=0.8311; threshold=0.4539; retrieval_pos=9; retrieval_neg=2; evidence_score=4,present,False,vision kept (strong zone),False,Edema,2,9,moderate,"[{'case_id': 'patient44185/study12', 'similarity': 0.3931446075439453, 'snippet': 'edema, with bilateral pleural effusions'}, {'case_id': 'patient17307/study10', 'similarity': 0.3309871554374695, 'snippet': 'improving aeration bilaterally with improving pulmonary edema'}, {'case_id': 'patient37051/study12', 'similarity': 0.291909396648407, 'snippet': 'stable minimal pulmonary edema, left lower lobe opacity, and'}]",present,strong,patient03387/study2,evidence_verification_without_LLM,evidence_verification_policy_v1,3,2
[],none,5,fused=present; p=0.7988; threshold=0.6000; retrieval_pos=12; retrieval_neg=0; evidence_score=5,present,False,vision kept (strong zone),False,Pleural Effusion,0,12,strong,"[{'case_id': 'patient44185/study12', 'similarity': 0.3931446075439453, 'snippet': 'edema, with bilateral pleural effusions'}, {'case_id': 'patient17307/study10', 'similarity': 0.3309871554374695, 'snippet': 'there are residual small pleural effusions, right greater than left'}, {'case_id': 'patient37051/study12', 'similarity': 0.291909396648407, 'snippet': 'small left pleural effusion'}]",present,strong,patient03387/study2,evidence_verification_without_LLM,evidence_verification_policy_v1,3,0
[],none,3,fused=present; p=0.6201; threshold=0.2800; retrieval_pos=0; retrieval_neg=0; evidence_score=3,present,False,vision kept (strong zone),False,Pneumonia,0,0,none,[],present,strong,patient03387/study2,evidence_verification_without_LLM,evidence_verification_policy_v1,0,0
[],none,4,fused=present; p=0.8599; threshold=0.6200; retrieval_pos=3; retrieval_neg=0; evidence_score=4,present,False,vision kept (strong zone),False,Lung Opacity,0,3,moderate,"[{'case_id': 'patient37051/study12', 'similarity': 0.291909396648407, 'snippet': 'stable minimal pulmonary edema, left lower lobe opacity, and'}, {'case_id': 'patient42273/study1', 'similarity': 0.2916806936264038, 'snippet': 'retrocardiac opacity'}, {'case_id': 'patient42273/study10', 'similarity': 0.2753937244415283, 'snippet': 'there is increased opacity in the left lung base and retrocardiac'}]",present,strong,patient03387/study2,evidence_verification_without_LLM,evidence_verification_policy_v1,3,0
"[{'case_id': 'patient34320/study1', 'similarity': 0.48832786083221436, 'snippet': 'no parenchymal opacities or pleural effusion'}, {'case_id': 'patient07693/study1', 'similarity': 0.42960137128829956, 'snippet': 'no pleural effusions or'}]",none,3,fused=present; p=0.6938; threshold=0.6000; retrieval_pos=12; retrieval_neg=2; evidence_score=3,present,False,"vision kept (gray zone, insufficient retrieval signal)",True,Pleural Effusion,2,12,moderate,"[{'case_id': 'patient11465/study3', 'similarity': 0.48252326250076294, 'snippet': 'associated pleural thickening and probably a trace pleural effusion'}, {'case_id': 'patient11465/study3', 'similarity': 0.48252326250076294, 'snippet': 'right pleural scarring and probable pleural effusion'}, {'case_id': 'patient24292/study10', 'similarity': 0.4679555892944336, 'snippet': 'focal airspace consolidation or pleural effusion'}]",present,moderate,patient05115/study2,evidence_verification_without_LLM,evidence_verification_policy_v1,3,2
[],none,4,fused=present; p=0.5259; threshold=0.6200; retrieval_pos=4; retrieval_neg=0; evidence_score=4,present,True,"promoted absent to present: 4 positive mentions, 0 negative mentions; llm_review action=keep confidence=low evidence=insufficient policy=applied reason=keep-preserves-deterministic-fusion: Retrieved cases show no direct evidence of lung opacity. Probability (0.526) below threshold (0.62). No strong contradiction in retrieved reports, but weak indirect evidence supports retention per default rule.",True,Lung Opacity,0,4,strong,"[{'case_id': 'patient05476/study1', 'similarity': 0.4685126543045044, 'snippet': 'additionally, there is a faint nodular opacity at the left lung apex'}, {'case_id': 'patient05476/study1', 'similarity': 0.4685126543045044, 'snippet': 'ill-defined nodular opacity at the left lung apex which may be'}, {'case_id': 'patient22273/study1', 'similarity': 0.44563722610473633, 'snippet': 'mild reticular opacity in the right upper lung zone is not'}]",absent,weak,patient05115/study2,evidence_verification_without_LLM,evidence_verification_policy_v1,3,0
[],none,4,fused=present; p=0.4106; threshold=0.4500; retrieval_pos=4; retrieval_neg=0; evidence_score=4,present,True,"promoted absent to present: 4 positive mentions, 0 negative mentions; llm_review action=veto confidence=moderate evidence=contradictory policy=rejected reason=promotion-veto-requires-negative-retrieval-or-high-confidence-multi-case-contradiction: Probability (0.411) below threshold (0.45). Retrieved cases consistently report absence of pleural effusions/abnormalities (e.g., 'no pleural effusion', 'lungs are clear'). Strong indirect evidence contradicts deterministic promotion.",True,Pleural Other,0,4,strong,"[{'case_id': 'patient34320/study1', 'similarity': 0.48832786083221436, 'snippet': 'pleural thickening on the left'}, {'case_id': 'patient11465/study3', 'similarity': 0.48252326250076294, 'snippet': 'associated pleural thickening and probably a trace pleural effusion'}, {'case_id': 'patient05942/study4', 'similarity': 0.44176793098449707, 'snippet': 'the previously noted left pleural effusion or pleural thickening'}]",absent,weak,patient05115/study2,evidence_verification_without_LLM,evidence_verification_policy_v1,3,0
"[{'case_id': 'patient37570/study13', 'similarity': 0.3775298595428467, 'snippet': 'no change in left base atelectasis, and moderate left pleural'}]",none,4,fused=present; p=0.9751; threshold=0.5600; retrieval_pos=13; retrieval_neg=1; evidence_score=4,present,False,vision kept (strong zone),False,Atelectasis,1,13,moderate,"[{'case_id': 'patient54780/study1', 'similarity': 0.3985227346420288, 'snippet': 'atelectasis'}, {'case_id': 'patient37570/study13', 'similarity': 0.3775298595428467, 'snippet': 'likely atelectasis, and a moderate layering left pleural'}, {'case_id': 'patient17267/study4', 'similarity': 0.3723851442337036, 'snippet': 'persistent bibasilar opacities, likely compressive atelectasis versus'}]",present,strong,patient05551/study3,evidence_verification_without_LLM,evidence_verification_policy_v1,3,1
[],none,4,fused=present; p=0.9209; threshold=0.5000; retrieval_pos=1; retrieval_neg=0; evidence_score=4,present,False,vision kept (strong zone),False,Cardiomegaly,0,1,weak,"[{'case_id': 'patient17267/study4', 'similarity': 0.3723851442337036, 'snippet': 'enlarged cardiac silhouette in comparison to 10/19/2021, which'}]",present,strong,patient05551/study3,evidence_verification_without_LLM,evidence_verification_policy_v1,1,0
[],none,5,fused=present; p=0.8926; threshold=0.4500; retrieval_pos=7; retrieval_neg=0; evidence_score=5,present,False,vision kept (strong zone),False,Consolidation,0,7,strong,"[{'case_id': 'patient54780/study1', 'similarity': 0.3985227346420288, 'snippet': 'left basilar consolidation'}, {'case_id': 'patient54780/study1', 'similarity': 0.3985227346420288, 'snippet': 'progression of left perihilar and basilar consolidation with'}, {'case_id': 'patient17267/study4', 'similarity': 0.3723851442337036, 'snippet': 'consolidation'}]",present,strong,patient05551/study3,evidence_verification_without_LLM,evidence_verification_policy_v1,3,0
[],none,4,fused=present; p=0.5620; threshold=0.4539; retrieval_pos=7; retrieval_neg=0; evidence_score=4,present,False,"vision kept (gray zone, insufficient retrieval signal)",True,Edema,0,7,strong,"[{'case_id': 'patient37570/study13', 'similarity': 0.3775298595428467, 'snippet': 'mild pulmonary edema'}, {'case_id': 'patient17267/study4', 'similarity': 0.3723851442337036, 'snippet': 'mild pulmonary edema'}, {'case_id': 'patient17267/study4', 'similarity': 0.3723851442337036, 'snippet': 'mild pulmonary edema'}]",present,moderate,patient05551/study3,evidence_verification_without_LLM,evidence_verification_policy_v1,3,0
[],none,5,fused=present; p=0.9434; threshold=0.6000; retrieval_pos=21; retrieval_neg=0; evidence_score=5,present,False,vision kept (strong zone),False,Pleural Effusion,0,21,strong,"[{'case_id': 'patient37570/study13', 'similarity': 0.3775298595428467, 'snippet': 'effusion'}, {'case_id': 'patient37570/study13', 'similarity': 0.3775298595428467, 'snippet': 'effusion'}, {'case_id': 'patient17267/study4', 'similarity': 0.3723851442337036, 'snippet': 'decrease in a now small to moderate sized left pleural effusion'}]",present,strong,patient05551/study3,evidence_verification_without_LLM,evidence_verification_policy_v1,3,0
[],none,3,fused=present; p=0.6064; threshold=0.2800; retrieval_pos=0; retrieval_neg=0; evidence_score=3,present,False,vision kept (strong zone),False,Pneumonia,0,0,none,[],present,strong,patient05551/study3,evidence_verification_without_LLM,evidence_verification_policy_v1,0,0
[],none,5,fused=present; p=0.7388; threshold=0.4200; retrieval_pos=4; retrieval_neg=0; evidence_score=5,present,False,vision kept (strong zone),False,Fracture,0,4,strong,"[{'case_id': 'patient33775/study3', 'similarity': 0.3536781072616577, 'snippet': 'old fracture deformity degenerative changes of the right clavicle'}, {'case_id': 'patient33775/study2', 'similarity': 0.32633721828460693, 'snippet': 'redemonstration of a healed right clavicular chronic fracture deformity'}, {'case_id': 'patient01949/study2', 'similarity': 0.2854909300804138, 'snippet': 'fracture'}]",present,strong,patient05551/study3,evidence_verification_without_LLM,evidence_verification_policy_v1,3,0
[],none,5,fused=present; p=0.9478; threshold=0.3900; retrieval_pos=7; retrieval_neg=0; evidence_score=5,present,False,vision kept (strong zone),False,Lung Lesion,0,7,strong,"[{'case_id': 'patient54780/study1', 'similarity': 0.3985227346420288, 'snippet': 'the left base representing fluid or mass'}, {'case_id': 'patient54780/study1', 'similarity': 0.3985227346420288, 'snippet': 'adjacent areas of pleural fluid or mass'}, {'case_id': 'patient01552/study1', 'similarity': 0.37602704763412476, 'snippet': 'low volumes with left anterior mediastinal mass again seen'}]",present,strong,patient05551/study3,evidence_verification_without_LLM,evidence_verification_policy_v1,3,0
[],none,5,fused=present; p=0.9683; threshold=0.6200; retrieval_pos=14; retrieval_neg=0; evidence_score=5,present,False,vision kept (strong zone),False,Lung Opacity,0,14,strong,"[{'case_id': 'patient54780/study1', 'similarity': 0.3985227346420288, 'snippet': 'opacity in the left upper'}, {'case_id': 'patient54780/study1', 'similarity': 0.3985227346420288, 'snippet': 'patchy airspace opacity at the right base likely represents'}, {'case_id': 'patient37570/study13', 'similarity': 0.3775298595428467, 'snippet': 'elevation of the left hemidiaphragm with a left lung base opacity,'}]",present,strong,patient05551/study3,evidence_verification_without_LLM,evidence_verification_policy_v1,3,0
[],none,3,fused=present; p=0.9487; threshold=0.3500; retrieval_pos=0; retrieval_neg=0; evidence_score=3,present,False,vision kept (strong zone),False,Enlarged Cardiomediastinum,0,0,none,[],present,strong,patient05551/study3,evidence_verification_without_LLM,evidence_verification_policy_v1,0,0
[],none,4,fused=present; p=0.9097; threshold=0.4500; retrieval_pos=3; retrieval_neg=0; evidence_score=4,present,False,vision kept (strong zone),False,Pleural Other,0,3,moderate,"[{'case_id': 'patient54780/study1', 'similarity': 0.3985227346420288, 'snippet': 'there is associated pleural thickening at'}, {'case_id': 'patient54780/study1', 'similarity': 0.3985227346420288, 'snippet': 'lung zone likely relates to the known pleural thickening seen en'}, {'case_id': 'patient01949/study2', 'similarity': 0.2854909300804138, 'snippet': 'left pleural thickening likely represents a loculated'}]",present,strong,patient05551/study3,evidence_verification_without_LLM,evidence_verification_policy_v1,3,0
"[{'case_id': 'patient38898/study3', 'similarity': 0.35524845123291016, 'snippet': 'no new infiltrates or consolidations are noted'}, {'case_id': 'patient38898/study3', 'similarity': 0.35524845123291016, 'snippet': 'no definite evidence for new infiltrates or consolidations'}]",none,3,fused=present; p=0.4995; threshold=0.4500; retrieval_pos=1; retrieval_neg=2; evidence_score=3,present,False,"vision kept (gray zone, insufficient retrieval signal)",True,Consolidation,2,1,weak,"[{'case_id': 'patient16814/study4', 'similarity': 0.3621829152107239, 'snippet': 'consolidation in the right middle lobe region likely reflect'}]",present,moderate,patient06014/study11,evidence_verification_without_LLM,evidence_verification_policy_v1,1,2
[],none,5,fused=present; p=0.6719; threshold=0.2800; retrieval_pos=8; retrieval_neg=0; evidence_score=5,present,False,vision kept (strong zone),False,Pneumonia,0,8,strong,"[{'case_id': 'patient20793/study2', 'similarity': 0.41502535343170166, 'snippet': 'concerning for lobar pneumonia, with additional ill-defined bibasilar'}, {'case_id': 'patient20793/study2', 'similarity': 0.41502535343170166, 'snippet': 'zones, concerning for lobar pneumonia'}, {'case_id': 'patient38898/study2', 'similarity': 0.3821166753768921, 'snippet': 'pneumonia'}]",present,strong,patient06014/study11,evidence_verification_without_LLM,evidence_verification_policy_v1,3,0
[],none,2,fused=present; p=0.5220; threshold=0.4200; retrieval_pos=0; retrieval_neg=0; evidence_score=2,present,False,"vision kept (gray zone, insufficient retrieval signal)",True,Fracture,0,0,none,[],present,moderate,patient06014/study11,evidence_verification_without_LLM,evidence_verification_policy_v1,0,0
[],none,4,fused=present; p=0.2622; threshold=0.3900; retrieval_pos=7; retrieval_neg=0; evidence_score=4,present,True,"promoted absent to present: 7 positive mentions, 0 negative mentions; llm_review action=veto confidence=high evidence=insufficient policy=rejected reason=veto-requires-contradictory-evidence-assessment: Retrieved cases mention pneumonia, opacities, and effusions but do not explicitly reference 'Lung Lesion' or related pathologies. Probability (0.26) is well below threshold (0.39), and no direct evidence supports this label in retrieved reports.",True,Lung Lesion,0,7,strong,"[{'case_id': 'patient04929/study2', 'similarity': 0.35624539852142334, 'snippet': 'with possible nodule of the left apex'}, {'case_id': 'patient04929/study2', 'similarity': 0.35624539852142334, 'snippet': 'right, with a possible nodule at the left apex with progressive'}, {'case_id': 'patient38898/study3', 'similarity': 0.35524845123291016, 'snippet': 'again noted is a nodular masslike'}]",absent,weak,patient06014/study11,evidence_verification_without_LLM,evidence_verification_policy_v1,3,0
"[{'case_id': 'patient38898/study3', 'similarity': 0.35524845123291016, 'snippet': 'no new infiltrates or consolidations are noted'}, {'case_id': 'patient38898/study3', 'similarity': 0.35524845123291016, 'snippet': 'no definite evidence for new infiltrates or consolidations'}]",none,4,fused=present; p=0.8193; threshold=0.6200; retrieval_pos=7; retrieval_neg=2; evidence_score=4,present,False,vision kept (strong zone),False,Lung Opacity,2,7,moderate,"[{'case_id': 'patient32710/study11', 'similarity': 0.4182683825492859, 'snippet': 'persistent left retrocardiac opacity, likely representing'}, {'case_id': 'patient38898/study2', 'similarity': 0.3821166753768921, 'snippet': 'increased opacity at the right lung base is concerning for an early'}, {'case_id': 'patient38898/study2', 'similarity': 0.3821166753768921, 'snippet': 'ill-defined increased opacity at the right base is suspicious for'}]",present,strong,patient06014/study11,evidence_verification_without_LLM,evidence_verification_policy_v1,3,2
[],none,4,fused=present; p=0.4155; threshold=0.4500; retrieval_pos=4; retrieval_neg=0; evidence_score=4,present,True,"promoted absent to present: 4 positive mentions, 0 negative mentions; llm_review action=keep confidence=moderate evidence=supporting policy=applied reason=keep-preserves-deterministic-fusion: Retrieved cases contain multiple mentions of pleural effusion (e.g., patient32710/study11, patient38898/study2), which align with 'Pleural Other' as a broader category. Probability (0.415) is near threshold (0.45), and indirect evidence supports presence.",True,Pleural Other,0,4,strong,"[{'case_id': 'patient04929/study2', 'similarity': 0.35624539852142334, 'snippet': 'asymmetrical biapical pleural thickening, left greater than right,'}, {'case_id': 'patient04929/study2', 'similarity': 0.35624539852142334, 'snippet': 'asymmetrical biapical pleural thickening, left greater than'}, {'case_id': 'patient04929/study3', 'similarity': 0.33578985929489136, 'snippet': 'asymmetrical biapical pleural thickening, left greater than right,'}]",absent,weak,patient06014/study11,evidence_verification_without_LLM,evidence_verification_policy_v1,3,0
[],none,3,fused=present; p=0.4292; threshold=0.3900; retrieval_pos=2; retrieval_neg=0; evidence_score=3,present,False,"vision kept (gray zone, insufficient retrieval signal)",True,Lung Lesion,0,2,moderate,"[{'case_id': 'patient03124/study2', 'similarity': 0.49460911750793457, 'snippet': 'lower lobe pulmonary nodule, which was not seen on examinations from'}, {'case_id': 'patient03124/study2', 'similarity': 0.49460911750793457, 'snippet': 'there is a 10-mm nodule seen in the left lower lobe that was not'}]",present,moderate,patient16523/study1,evidence_verification_without_LLM,evidence_verification_policy_v1,2,0
[],none,3,fused=present; p=0.4800; threshold=0.6200; retrieval_pos=3; retrieval_neg=0; evidence_score=3,present,True,"promoted absent to present: 3 positive mentions, 0 negative mentions; llm_review action=uncertain confidence=low evidence=mixed policy=rejected reason=low-confidence-non-keep-rejected: Retrieved cases predominantly report 'clear lungs' or 'no evidence of pulmonary abnormalities,' which indirectly contradicts the deterministic promotion to 'present.' The system's probability (0.48) falls below the threshold (0.62), and retrieved cases lack direct mentions of lung opacity in the target study's context. This creates insufficient evidence to confirm the deterministic change, warranting 'uncertain.'",True,Lung Opacity,0,3,moderate,"[{'case_id': 'patient05476/study1', 'similarity': 0.4110791087150574, 'snippet': 'additionally, there is a faint nodular opacity at the left lung apex'}, {'case_id': 'patient05476/study1', 'similarity': 0.4110791087150574, 'snippet': 'ill-defined nodular opacity at the left lung apex which may be'}, {'case_id': 'patient24000/study1', 'similarity': 0.39273321628570557, 'snippet': 'persistent opacity at the right lung base representing'}]",absent,weak,patient16523/study1,evidence_verification_without_LLM,evidence_verification_policy_v1,3,0
[],none,5,fused=present; p=0.7749; threshold=0.5600; retrieval_pos=10; retrieval_neg=0; evidence_score=5,present,False,vision kept (strong zone),False,Atelectasis,0,10,strong,"[{'case_id': 'patient33890/study1', 'similarity': 0.5936518907546997, 'snippet': 'representative of atelectasis in the current clinical context in the'}, {'case_id': 'patient33890/study1', 'similarity': 0.5936518907546997, 'snippet': 'opacity which is likely representative of atelectasis in the absence'}, {'case_id': 'patient24252/study1', 'similarity': 0.5409321784973145, 'snippet': 'right pleural effusion with associated compressive atelectasis or'}]",present,strong,patient17394/study1,evidence_verification_without_LLM,evidence_verification_policy_v1,3,0
[],none,5,fused=present; p=0.8857; threshold=0.6000; retrieval_pos=16; retrieval_neg=0; evidence_score=5,present,False,vision kept (strong zone),False,Pleural Effusion,0,16,strong,"[{'case_id': 'patient33890/study1', 'similarity': 0.5936518907546997, 'snippet': 'moderately sized right pleural effusion is noted, possibly stable or'}, {'case_id': 'patient33890/study1', 'similarity': 0.5936518907546997, 'snippet': 'moderately sized right pleural effusion, possibly stable or mildly'}, {'case_id': 'patient33775/study1', 'similarity': 0.5595305562019348, 'snippet': 'there is an ill-defined opacity in the right lung base with an associated small right pleural effusion'}]",present,strong,patient17394/study1,evidence_verification_without_LLM,evidence_verification_policy_v1,3,0
[],none,4,fused=present; p=0.3064; threshold=0.2800; retrieval_pos=4; retrieval_neg=0; evidence_score=4,present,False,"vision kept (gray zone, insufficient retrieval signal)",True,Pneumonia,0,4,strong,"[{'case_id': 'patient17267/study3', 'similarity': 0.5348811745643616, 'snippet': 'new left lower lobe consolidation concerning for pneumonia'}, {'case_id': 'patient17267/study3', 'similarity': 0.5348811745643616, 'snippet': 'new left lower lobe consolidation concerning for pneumonia'}, {'case_id': 'patient24419/study1', 'similarity': 0.5080726146697998, 'snippet': 'than right, which may represent pneumonia, aspiration, and/or'}]",present,moderate,patient17394/study1,evidence_verification_without_LLM,evidence_verification_policy_v1,3,0
[],none,4,fused=present; p=0.4045; threshold=0.4200; retrieval_pos=7; retrieval_neg=0; evidence_score=4,present,True,"promoted absent to present: 7 positive mentions, 0 negative mentions; llm_review action=veto confidence=high evidence=contradictory policy=rejected reason=veto-requires-contradicting-case-id: The deterministic promotion to 'present' relies on indirect mentions from retrieved cases (e.g., patient33775/study1: 'unchanged fracture deformity of the right clavicle', patient24252/study1: 'right 6th rib fracture'). However, the target study's vision status is 'absent' with no direct fracture mentions in its report. The retrieved cases are visually similar neighbors, not the target study, and lack direct evidence for the current study's fracture. The probability (0.4045) is below the threshold (0.42), and the absence of direct mentions in the target study constitutes a strong label-specific contradiction to the deterministic change.",True,Fracture,0,7,strong,"[{'case_id': 'patient33775/study1', 'similarity': 0.5595305562019348, 'snippet': 'there is an unchanged fracture deformity of the right clavicle'}, {'case_id': 'patient24252/study1', 'similarity': 0.5409321784973145, 'snippet': 'sided 6th rib fracture with increased lucency at the fracture site'}, {'case_id': 'patient24252/study1', 'similarity': 0.5409321784973145, 'snippet': 'concerning for pathologic fracture of known osseous metastasis'}]",absent,weak,patient17394/study1,evidence_verification_without_LLM,evidence_verification_policy_v1,3,0
[],none,4,fused=present; p=0.6880; threshold=0.3900; retrieval_pos=1; retrieval_neg=0; evidence_score=4,present,False,vision kept (strong zone),False,Lung Lesion,0,1,weak,"[{'case_id': 'patient07632/study29', 'similarity': 0.5346996784210205, 'snippet': 'massively re-accumulating right pleural effusion'}]",present,strong,patient17394/study1,evidence_verification_without_LLM,evidence_verification_policy_v1,1,0
"[{'case_id': 'patient33890/study1', 'similarity': 0.5936518907546997, 'snippet': 'and left hemithorax are otherwise clear, without infiltrates or'}]",none,3,fused=present; p=0.7319; threshold=0.6200; retrieval_pos=5; retrieval_neg=1; evidence_score=3,present,False,"vision kept (gray zone, insufficient retrieval signal)",True,Lung Opacity,1,5,moderate,"[{'case_id': 'patient33890/study1', 'similarity': 0.5936518907546997, 'snippet': 'there is associated right basilar opacity which is likely'}, {'case_id': 'patient33890/study1', 'similarity': 0.5936518907546997, 'snippet': 'opacity which is likely representative of atelectasis in the absence'}, {'case_id': 'patient33775/study1', 'similarity': 0.5595305562019348, 'snippet': 'there is an ill-defined opacity in the right lung base with an associated small right pleural effusion'}]",present,moderate,patient17394/study1,evidence_verification_without_LLM,evidence_verification_policy_v1,3,1
[],none,3,fused=present; p=0.5591; threshold=0.4500; retrieval_pos=2; retrieval_neg=0; evidence_score=3,present,False,"vision kept (gray zone, insufficient retrieval signal)",True,Pleural Other,0,2,moderate,"[{'case_id': 'patient24419/study1', 'similarity': 0.5080726146697998, 'snippet': 'redemonstration of left-sided pleural thickening'}, {'case_id': 'patient24419/study1', 'similarity': 0.5080726146697998, 'snippet': 'redemonstration of left-sided pleural thickening compatible with'}]",present,moderate,patient17394/study1,evidence_verification_without_LLM,evidence_verification_policy_v1,2,0
[],none,3,fused=present; p=0.3813; threshold=0.2800; retrieval_pos=3; retrieval_neg=0; evidence_score=3,present,False,"vision kept (gray zone, insufficient retrieval signal)",True,Pneumonia,0,3,moderate,"[{'case_id': 'patient26034/study11', 'similarity': 0.36047816276550293, 'snippet': 'likely suggesting pneumonia'}, {'case_id': 'patient25557/study7', 'similarity': 0.350907564163208, 'snippet': 'pneumonia or hemorrhage'}, {'case_id': 'patient25557/study7', 'similarity': 0.350907564163208, 'snippet': 'suggests bilateral pneumonia such as aspiration'}]",present,moderate,patient19740/study10,evidence_verification_without_LLM,evidence_verification_policy_v1,3,0
"[{'case_id': 'patient14342/study2', 'similarity': 0.36816251277923584, 'snippet': 'no pneumothorax'}, {'case_id': 'patient26034/study10', 'similarity': 0.36063623428344727, 'snippet': 'no pneumothorax'}, {'case_id': 'patient30350/study10', 'similarity': 0.35723936557769775, 'snippet': 'negative for focal opacity or pneumothorax'}]",none,3,fused=present; p=0.4395; threshold=0.3300; retrieval_pos=8; retrieval_neg=3; evidence_score=3,present,False,"vision kept (gray zone, insufficient retrieval signal)",True,Pneumothorax,3,8,moderate,"[{'case_id': 'patient27680/study4', 'similarity': 0.37062501907348633, 'snippet': 'is a small pneumothorax'}, {'case_id': 'patient27680/study4', 'similarity': 0.37062501907348633, 'snippet': 'pneumothorax'}, {'case_id': 'patient14342/study2', 'similarity': 0.36816251277923584, 'snippet': 'pneumothorax'}]",present,moderate,patient19740/study10,evidence_verification_without_LLM,evidence_verification_policy_v1,3,3
[],none,2,fused=present; p=0.3958; threshold=0.3900; retrieval_pos=0; retrieval_neg=0; evidence_score=2,present,False,"vision kept (gray zone, insufficient retrieval signal)",True,Lung Lesion,0,0,none,[],present,moderate,patient19740/study10,evidence_verification_without_LLM,evidence_verification_policy_v1,0,0
[],none,2,fused=present; p=0.5005; threshold=0.4500; retrieval_pos=0; retrieval_neg=0; evidence_score=2,present,False,"vision kept (gray zone, insufficient retrieval signal)",True,Pleural Other,0,0,none,[],present,moderate,patient19740/study10,evidence_verification_without_LLM,evidence_verification_policy_v1,0,0
[],none,5,fused=present; p=0.6689; threshold=0.4539; retrieval_pos=10; retrieval_neg=0; evidence_score=5,present,False,vision kept (strong zone),False,Edema,0,10,strong,"[{'case_id': 'patient25557/study3', 'similarity': 0.5211278796195984, 'snippet': 'there is mild pulmonary edema'}, {'case_id': 'patient25557/study3', 'similarity': 0.5211278796195984, 'snippet': 'stable to minimally worsened mild pulmonary edema'}, {'case_id': 'patient25557/study2', 'similarity': 0.4693796634674072, 'snippet': 'edema/diffuse alveolar damage, or less likely hemorrhage'}]",present,strong,patient19740/study2,evidence_verification_without_LLM,evidence_verification_policy_v1,3,0
[],none,4,fused=present; p=0.7061; threshold=0.6000; retrieval_pos=6; retrieval_neg=0; evidence_score=4,present,False,"vision kept (gray zone, insufficient retrieval signal)",True,Pleural Effusion,0,6,strong,"[{'case_id': 'patient18824/study11', 'similarity': 0.5535917282104492, 'snippet': 'pleural effusion'}, {'case_id': 'patient25557/study2', 'similarity': 0.4693796634674072, 'snippet': 'there is a moderate right pleural effusion'}, {'case_id': 'patient13309/study19', 'similarity': 0.42367374897003174, 'snippet': 'pleural effusions'}]",present,moderate,patient19740/study2,evidence_verification_without_LLM,evidence_verification_policy_v1,3,0
"[{'case_id': 'patient25557/study2', 'similarity': 0.4693796634674072, 'snippet': 'no left pneumothorax is seen'}, {'case_id': 'patient35462/study1', 'similarity': 0.46446692943573, 'snippet': 'no obvious pneumothorax'}, {'case_id': 'patient22703/study1', 'similarity': 0.4520578980445862, 'snippet': 'no evidence of pneumothorax on the right'}]",none,4,fused=present; p=0.5942; threshold=0.3300; retrieval_pos=14; retrieval_neg=3; evidence_score=4,present,False,vision kept (strong zone),False,Pneumothorax,3,14,moderate,"[{'case_id': 'patient18824/study11', 'similarity': 0.5535917282104492, 'snippet': 'small left apical pneumothorax, unchanged in size'}, {'case_id': 'patient18824/study11', 'similarity': 0.5535917282104492, 'snippet': 'unchanged size of small left apical pneumothorax'}, {'case_id': 'patient25557/study3', 'similarity': 0.5211278796195984, 'snippet': 'there is a grossly unchanged tiny right apical pneumothorax'}]",present,strong,patient19740/study2,evidence_verification_without_LLM,evidence_verification_policy_v1,3,3
[],none,4,fused=present; p=0.8052; threshold=0.6200; retrieval_pos=3; retrieval_neg=0; evidence_score=4,present,False,vision kept (strong zone),False,Lung Opacity,0,3,moderate,"[{'case_id': 'patient25557/study3', 'similarity': 0.5211278796195984, 'snippet': 'opacity at'}, {'case_id': 'patient25557/study2', 'similarity': 0.4693796634674072, 'snippet': 'interval improvement in patchy opacity at the right greater than'}, {'case_id': 'patient25557/study4', 'similarity': 0.4181134104728699, 'snippet': 'opacity in the right greater than left lung bases'}]",present,strong,patient19740/study2,evidence_verification_without_LLM,evidence_verification_policy_v1,3,0
[],none,5,fused=present; p=0.7686; threshold=0.5000; retrieval_pos=8; retrieval_neg=0; evidence_score=5,present,False,vision kept (strong zone),False,Cardiomegaly,0,8,strong,"[{'case_id': 'patient33856/study1', 'similarity': 0.5827307105064392, 'snippet': 'cardiomegaly is noted with prominent pulmonary arteries'}, {'case_id': 'patient33856/study1', 'similarity': 0.5827307105064392, 'snippet': 'cardiomegaly with prominent pulmonary vasculature and left'}, {'case_id': 'patient10093/study3', 'similarity': 0.5635517835617065, 'snippet': 'stable moderate cardiomegaly and aortic tortuosity'}]",present,strong,patient21102/study1,evidence_verification_without_LLM,evidence_verification_policy_v1,3,0
"[{'case_id': 'patient24618/study1', 'similarity': 0.5612631440162659, 'snippet': 'no new focal consolidation, pleural effusion,'}, {'case_id': 'patient29086/study1', 'similarity': 0.500646710395813, 'snippet': 'no focal consolidation, pleural effusion, or pneumothorax'}, {'case_id': 'patient36622/study3', 'similarity': 0.4884401559829712, 'snippet': 'no significant pleural effusion'}]",none,3,fused=present; p=0.6162; threshold=0.6000; retrieval_pos=6; retrieval_neg=4; evidence_score=3,present,False,"vision kept (gray zone, insufficient retrieval signal)",True,Pleural Effusion,4,6,moderate,"[{'case_id': 'patient33856/study1', 'similarity': 0.5827307105064392, 'snippet': 'effusions are present'}, {'case_id': 'patient33856/study1', 'similarity': 0.5827307105064392, 'snippet': 'this is associated with small bilateral pleural effusions'}, {'case_id': 'patient10093/study3', 'similarity': 0.5635517835617065, 'snippet': 'effusions'}]",present,moderate,patient21102/study1,evidence_verification_without_LLM,evidence_verification_policy_v1,3,3
"[{'case_id': 'patient10093/study3', 'similarity': 0.5635517835617065, 'snippet': 'no focal opacities to suggest pneumonia'}, {'case_id': 'patient10093/study3', 'similarity': 0.5635517835617065, 'snippet': 'no new focal opacities to suggest pneumonia and no convincing'}]",none,3,fused=present; p=0.4031; threshold=0.2800; retrieval_pos=2; retrieval_neg=2; evidence_score=3,present,False,"vision kept (gray zone, insufficient retrieval signal)",True,Pneumonia,2,2,moderate,"[{'case_id': 'patient29030/study1', 'similarity': 0.5468542575836182, 'snippet': 'for infection, possibly fungal pneumonia'}, {'case_id': 'patient29030/study1', 'similarity': 0.5468542575836182, 'snippet': 'pneumonia'}]",present,moderate,patient21102/study1,evidence_verification_without_LLM,evidence_verification_policy_v1,2,2
[],none,2,fused=present; p=0.6509; threshold=0.6200; retrieval_pos=0; retrieval_neg=0; evidence_score=2,present,False,"vision kept (gray zone, insufficient retrieval signal)",True,Lung Opacity,0,0,none,[],present,moderate,patient21102/study1,evidence_verification_without_LLM,evidence_verification_policy_v1,0,0
[],none,4,fused=present; p=0.8228; threshold=0.5600; retrieval_pos=3; retrieval_neg=0; evidence_score=4,present,False,vision kept (strong zone),False,Atelectasis,0,3,moderate,"[{'case_id': 'patient37708/study2', 'similarity': 0.30937278270721436, 'snippet': 'persistent mild pulmonary edema and left basilar atelectasis'}, {'case_id': 'patient34790/study14', 'similarity': 0.3061866760253906, 'snippet': 'atelectasis versus consolidation'}, {'case_id': 'patient38149/study11', 'similarity': 0.3040248155593872, 'snippet': 'atelectasis versus consolidation'}]",present,strong,patient21682/study5,evidence_verification_without_LLM,evidence_verification_policy_v1,3,0
[],none,4,fused=present; p=0.8984; threshold=0.5000; retrieval_pos=3; retrieval_neg=0; evidence_score=4,present,False,vision kept (strong zone),False,Cardiomegaly,0,3,moderate,"[{'case_id': 'patient18357/study19', 'similarity': 0.36529386043548584, 'snippet': 'cardiomegaly and ectasia of the thoracic aorta in addition to'}, {'case_id': 'patient38149/study11', 'similarity': 0.3040248155593872, 'snippet': 'enlarged cardiac silhouette'}, {'case_id': 'patient18357/study18', 'similarity': 0.2916158437728882, 'snippet': 'noted is an enlarged cardiac silhouette and ectasia of the thoracic'}]",present,strong,patient21682/study5,evidence_verification_without_LLM,evidence_verification_policy_v1,3,0
[],none,4,fused=present; p=0.4771; threshold=0.4500; retrieval_pos=6; retrieval_neg=0; evidence_score=4,present,False,"vision kept (gray zone, insufficient retrieval signal)",True,Consolidation,0,6,strong,"[{'case_id': 'patient18357/study19', 'similarity': 0.36529386043548584, 'snippet': 'findings, infiltrates or consolidations'}, {'case_id': 'patient17820/study4', 'similarity': 0.3247185945510864, 'snippet': 'left lower lobe consolidation is noted'}, {'case_id': 'patient37708/study2', 'similarity': 0.30937278270721436, 'snippet': 'versus consolidation'}]",present,moderate,patient21682/study5,evidence_verification_without_LLM,evidence_verification_policy_v1,3,0
[],none,5,fused=present; p=0.7441; threshold=0.4539; retrieval_pos=7; retrieval_neg=0; evidence_score=5,present,False,vision kept (strong zone),False,Edema,0,7,strong,"[{'case_id': 'patient37708/study2', 'similarity': 0.30937278270721436, 'snippet': 'persistent mild pulmonary edema and left basilar atelectasis'}, {'case_id': 'patient34790/study14', 'similarity': 0.3061866760253906, 'snippet': 'decreased mild pulmonary edema with'}, {'case_id': 'patient34790/study14', 'similarity': 0.3061866760253906, 'snippet': 'decreased mild pulmonary edema with small bilateral pleural'}]",present,strong,patient21682/study5,evidence_verification_without_LLM,evidence_verification_policy_v1,3,0
[],none,5,fused=present; p=0.8652; threshold=0.6000; retrieval_pos=16; retrieval_neg=0; evidence_score=5,present,False,vision kept (strong zone),False,Pleural Effusion,0,16,strong,"[{'case_id': 'patient18357/study19', 'similarity': 0.36529386043548584, 'snippet': 'effusion is not significantly changed'}, {'case_id': 'patient18357/study19', 'similarity': 0.36529386043548584, 'snippet': 'right pleural effusion or scarring'}, {'case_id': 'patient18357/study19', 'similarity': 0.36529386043548584, 'snippet': 'effusion'}]",present,strong,patient21682/study5,evidence_verification_without_LLM,evidence_verification_policy_v1,3,0
[],none,2,fused=present; p=0.3452; threshold=0.2800; retrieval_pos=0; retrieval_neg=0; evidence_score=2,present,False,"vision kept (gray zone, insufficient retrieval signal)",True,Pneumonia,0,0,none,[],present,moderate,patient21682/study5,evidence_verification_without_LLM,evidence_verification_policy_v1,0,0
"[{'case_id': 'patient21744/study11', 'similarity': 0.36801791191101074, 'snippet': 'right pleural drain removal without evidence of pneumothorax on the'}, {'case_id': 'patient18357/study19', 'similarity': 0.36529386043548584, 'snippet': 'no pneumothorax'}, {'case_id': 'patient18357/study19', 'similarity': 0.36529386043548584, 'snippet': 'no pneumothorax'}]",none,4,fused=present; p=0.8018; threshold=0.3300; retrieval_pos=9; retrieval_neg=9; evidence_score=4,present,False,vision kept (strong zone),False,Pneumothorax,9,9,moderate,"[{'case_id': 'patient21744/study11', 'similarity': 0.36801791191101074, 'snippet': 'pneumothorax is present on right'}, {'case_id': 'patient21744/study11', 'similarity': 0.36801791191101074, 'snippet': 'the left pneumothorax is'}, {'case_id': 'patient17820/study4', 'similarity': 0.3247185945510864, 'snippet': 'moderate sized pneumothorax'}]",present,strong,patient21682/study5,evidence_verification_without_LLM,evidence_verification_policy_v1,3,3
[],none,2,fused=present; p=0.5322; threshold=0.4200; retrieval_pos=0; retrieval_neg=0; evidence_score=2,present,False,"vision kept (gray zone, insufficient retrieval signal)",True,Fracture,0,0,none,[],present,moderate,patient21682/study5,evidence_verification_without_LLM,evidence_verification_policy_v1,0,0
[],none,5,fused=present; p=0.9341; threshold=0.6200; retrieval_pos=8; retrieval_neg=0; evidence_score=5,present,False,vision kept (strong zone),False,Lung Opacity,0,8,strong,"[{'case_id': 'patient18357/study19', 'similarity': 0.36529386043548584, 'snippet': 'persistent left retrocardiac opacity is noted'}, {'case_id': 'patient18357/study19', 'similarity': 0.36529386043548584, 'snippet': 'findings, infiltrates or consolidations'}, {'case_id': 'patient18357/study19', 'similarity': 0.36529386043548584, 'snippet': 'retrocardiac opacity, low lung volumes, and small left pleural'}]",present,strong,patient21682/study5,evidence_verification_without_LLM,evidence_verification_policy_v1,3,0
[],none,3,fused=present; p=0.5693; threshold=0.3500; retrieval_pos=0; retrieval_neg=0; evidence_score=3,present,False,vision kept (strong zone),False,Enlarged Cardiomediastinum,0,0,none,[],present,strong,patient21682/study5,evidence_verification_without_LLM,evidence_verification_policy_v1,0,0
[],none,2,fused=present; p=0.5498; threshold=0.4500; retrieval_pos=0; retrieval_neg=0; evidence_score=2,present,False,"vision kept (gray zone, insufficient retrieval signal)",True,Pleural Other,0,0,none,[],present,moderate,patient21682/study5,evidence_verification_without_LLM,evidence_verification_policy_v1,0,0
[],none,5,fused=present; p=0.7808; threshold=0.5600; retrieval_pos=6; retrieval_neg=0; evidence_score=5,present,False,vision kept (strong zone),False,Atelectasis,0,6,strong,"[{'case_id': 'patient01342/study8', 'similarity': 0.4552493095397949, 'snippet': 'associated increased opacities which may represent atelectasis'}, {'case_id': 'patient35435/study11', 'similarity': 0.375421404838562, 'snippet': 'left basilar opacities which may reflect atelectasis or'}, {'case_id': 'patient01342/study7', 'similarity': 0.374259889125824, 'snippet': 'atelectasis'}]",present,strong,patient26519/study4,evidence_verification_without_LLM,evidence_verification_policy_v1,3,0
[],none,4,fused=present; p=0.5054; threshold=0.4500; retrieval_pos=4; retrieval_neg=0; evidence_score=4,present,False,"vision kept (gray zone, insufficient retrieval signal)",True,Consolidation,0,4,strong,"[{'case_id': 'patient35435/study7', 'similarity': 0.43660783767700195, 'snippet': 'patchy consolidation is seen in the'}, {'case_id': 'patient35435/study8', 'similarity': 0.4164721965789795, 'snippet': 'the left base shows consolidation in the left lower'}, {'case_id': 'patient35435/study8', 'similarity': 0.4164721965789795, 'snippet': 'persistent left lower lobe consolidation and left pleural'}]",present,moderate,patient26519/study4,evidence_verification_without_LLM,evidence_verification_policy_v1,3,0
[],none,3,fused=present; p=0.4377; threshold=0.4539; retrieval_pos=3; retrieval_neg=0; evidence_score=3,present,True,"promoted absent to present: 3 positive mentions, 0 negative mentions; llm_review action=uncertain confidence=low evidence=mixed policy=rejected reason=low-confidence-non-keep-rejected: Probability (0.4377) below threshold (0.4538), but retrieved cases show indirect mentions of pulmonary edema (e.g., patient01342/study8). Insufficient direct evidence to confirm deterministic promotion.",True,Edema,0,3,moderate,"[{'case_id': 'patient01342/study8', 'similarity': 0.4552493095397949, 'snippet': 'persistent mild pulmonary edema'}, {'case_id': 'patient30002/study4', 'similarity': 0.4301694631576538, 'snippet': 'edema'}, {'case_id': 'patient30002/study4', 'similarity': 0.4301694631576538, 'snippet': 'mild pulmonary edema'}]",absent,weak,patient26519/study4,evidence_verification_without_LLM,evidence_verification_policy_v1,3,0
[],none,4,fused=present; p=0.5835; threshold=0.6000; retrieval_pos=10; retrieval_neg=0; evidence_score=4,present,True,"promoted absent to present: 10 positive mentions, 0 negative mentions; llm_review action=veto confidence=moderate evidence=contradictory policy=rejected reason=promotion-veto-requires-negative-retrieval-or-high-confidence-multi-case-contradiction: Probability (0.5835) below threshold (0.6). Retrieved cases show inconsistent pleural effusion mentions (e.g., patient30002/study4: 'No pleural effusions'; patient35435/study8: 'small left pleural effusion'). Strong label-specific contradiction in absence of direct evidence.",True,Pleural Effusion,0,10,strong,"[{'case_id': 'patient01342/study8', 'similarity': 0.4552493095397949, 'snippet': 'right-sided pleural effusion'}, {'case_id': 'patient01342/study8', 'similarity': 0.4552493095397949, 'snippet': 'mild increase in small right-sided pleural effusion'}, {'case_id': 'patient30002/study4', 'similarity': 0.4301694631576538, 'snippet': 'effusions'}]",absent,weak,patient26519/study4,evidence_verification_without_LLM,evidence_verification_policy_v1,3,0
[],none,3,fused=present; p=0.5781; threshold=0.2800; retrieval_pos=0; retrieval_neg=0; evidence_score=3,present,False,vision kept (strong zone),False,Pneumonia,0,0,none,[],present,strong,patient26519/study4,evidence_verification_without_LLM,evidence_verification_policy_v1,0,0
"[{'case_id': 'patient35435/study10', 'similarity': 0.41246575117111206, 'snippet': 'no significant change in size of small right apical pneumothorax'}]",none,4,fused=present; p=0.9277; threshold=0.3300; retrieval_pos=26; retrieval_neg=1; evidence_score=4,present,False,vision kept (strong zone),False,Pneumothorax,1,26,moderate,"[{'case_id': 'patient01342/study8', 'similarity': 0.4552493095397949, 'snippet': 'size of a moderate right-sided pneumothorax'}, {'case_id': 'patient01342/study8', 'similarity': 0.4552493095397949, 'snippet': 'persistent moderate right-sided pneumothorax with right-sided'}, {'case_id': 'patient35435/study7', 'similarity': 0.43660783767700195, 'snippet': 'pneumothorax'}]",present,strong,patient26519/study4,evidence_verification_without_LLM,evidence_verification_policy_v1,3,1
[],none,3,fused=present; p=0.6997; threshold=0.4200; retrieval_pos=0; retrieval_neg=0; evidence_score=3,present,False,vision kept (strong zone),False,Fracture,0,0,none,[],present,strong,patient26519/study4,evidence_verification_without_LLM,evidence_verification_policy_v1,0,0
[],none,5,fused=present; p=0.7812; threshold=0.3900; retrieval_pos=5; retrieval_neg=0; evidence_score=5,present,False,vision kept (strong zone),False,Lung Lesion,0,5,strong,"[{'case_id': 'patient35435/study7', 'similarity': 0.43660783767700195, 'snippet': 'prominent mass in the right hilum'}, {'case_id': 'patient35435/study7', 'similarity': 0.43660783767700195, 'snippet': 'prominent right hilar mass'}, {'case_id': 'patient35435/study8', 'similarity': 0.4164721965789795, 'snippet': 'right hilar mass'}]",present,strong,patient26519/study4,evidence_verification_without_LLM,evidence_verification_policy_v1,3,0
[],none,3,fused=present; p=0.9146; threshold=0.6200; retrieval_pos=0; retrieval_neg=0; evidence_score=3,present,False,vision kept (strong zone),False,Lung Opacity,0,0,none,[],present,strong,patient26519/study4,evidence_verification_without_LLM,evidence_verification_policy_v1,0,0
[],none,3,fused=present; p=0.6211; threshold=0.3500; retrieval_pos=0; retrieval_neg=0; evidence_score=3,present,False,vision kept (strong zone),False,Enlarged Cardiomediastinum,0,0,none,[],present,strong,patient26519/study4,evidence_verification_without_LLM,evidence_verification_policy_v1,0,0
[],none,2,fused=present; p=0.5327; threshold=0.4500; retrieval_pos=0; retrieval_neg=0; evidence_score=2,present,False,"vision kept (gray zone, insufficient retrieval signal)",True,Pleural Other,0,0,none,[],present,moderate,patient26519/study4,evidence_verification_without_LLM,evidence_verification_policy_v1,0,0
[],none,4,fused=present; p=0.6816; threshold=0.5000; retrieval_pos=3; retrieval_neg=0; evidence_score=4,present,False,vision kept (strong zone),False,Cardiomegaly,0,3,moderate,"[{'case_id': 'patient24618/study12', 'similarity': 0.4026726484298706, 'snippet': 'mild/moderate cardiomegaly persists'}, {'case_id': 'patient08097/study2', 'similarity': 0.3572470545768738, 'snippet': 'cardiomegaly, low lung volumes and mild cephalization but no'}, {'case_id': 'patient37524/study11', 'similarity': 0.32875245809555054, 'snippet': 'redemonstration of cardiomegaly'}]",present,strong,patient30665/study4,evidence_verification_without_LLM,evidence_verification_policy_v1,3,0
[],none,4,fused=present; p=0.4165; threshold=0.4539; retrieval_pos=8; retrieval_neg=0; evidence_score=4,present,True,"promoted absent to present: 8 positive mentions, 0 negative mentions; llm_review action=uncertain confidence=moderate evidence=mixed policy=rejected reason=promotion-uncertain-requires-high-confidence-conflict-signal: Retrieved cases include both mentions of pulmonary edema (e.g., patient27645/study2, patient35276/study12) and reports explicitly stating 'no overt pulmonary edema' (patient08097/study2). The probabilistic threshold (0.453857) is not met (0.4165), and retrieved evidence contains indirect/ambiguous references ('could represent pulmonary edema'). This creates sufficient uncertainty to warrant softening the deterministic promotion to 'present'.",True,Edema,0,8,strong,"[{'case_id': 'patient24618/study12', 'similarity': 0.4026726484298706, 'snippet': 'minor pulmonary vascular congestion is again seen'}, {'case_id': 'patient08097/study2', 'similarity': 0.3572470545768738, 'snippet': 'overt pulmonary edema'}, {'case_id': 'patient27645/study7', 'similarity': 0.3542138934135437, 'snippet': 'persistent mild pulmonary edema'}]",absent,weak,patient30665/study4,evidence_verification_without_LLM,evidence_verification_policy_v1,3,0
[],none,2,fused=present; p=0.3906; threshold=0.3500; retrieval_pos=0; retrieval_neg=0; evidence_score=2,present,False,"vision kept (gray zone, insufficient retrieval signal)",True,Enlarged Cardiomediastinum,0,0,none,[],present,moderate,patient30665/study4,evidence_verification_without_LLM,evidence_verification_policy_v1,0,0
[],none,4,fused=present; p=0.8037; threshold=0.5600; retrieval_pos=1; retrieval_neg=0; evidence_score=4,present,False,vision kept (strong zone),False,Atelectasis,0,1,weak,"[{'case_id': 'patient06371/study12', 'similarity': 0.25700438022613525, 'snippet': 'with atelectasis versus early infiltrate'}]",present,strong,patient34654/study5,evidence_verification_without_LLM,evidence_verification_policy_v1,1,0
"[{'case_id': 'patient39140/study10', 'similarity': 0.29776257276535034, 'snippet': 'no lobar consolidation'}, {'case_id': 'patient38898/study3', 'similarity': 0.2522231340408325, 'snippet': 'no new infiltrates or consolidations are noted'}, {'case_id': 'patient38898/study3', 'similarity': 0.2522231340408325, 'snippet': 'no definite evidence for new infiltrates or consolidations'}]",strong,1,fused=present; p=0.8247; threshold=0.4500; retrieval_pos=1; retrieval_neg=4; evidence_score=1,present,False,vision kept (strong zone),False,Consolidation,4,1,contradictory,"[{'case_id': 'patient47458/study10', 'similarity': 0.28035223484039307, 'snippet': 'continued bilateral patchy areas of consolidation with an'}]",present,strong,patient34654/study5,evidence_verification_without_LLM,evidence_verification_policy_v1,1,3
"[{'case_id': 'patient39140/study10', 'similarity': 0.29776257276535034, 'snippet': 'no pulmonary edema or pneumothorax'}]",none,4,fused=present; p=0.6245; threshold=0.4539; retrieval_pos=3; retrieval_neg=1; evidence_score=4,present,False,vision kept (strong zone),False,Edema,1,3,moderate,"[{'case_id': 'patient37925/study1', 'similarity': 0.33191072940826416, 'snippet': 'there is been an interval decrease in the pulmonary edema'}, {'case_id': 'patient37925/study1', 'similarity': 0.33191072940826416, 'snippet': 'interval decrease in pulmonary edema'}, {'case_id': 'patient04745/study3', 'similarity': 0.2532169818878174, 'snippet': 'stable mild edema and small left effusion'}]",present,strong,patient34654/study5,evidence_verification_without_LLM,evidence_verification_policy_v1,3,1
[],none,5,fused=present; p=0.8540; threshold=0.6000; retrieval_pos=5; retrieval_neg=0; evidence_score=5,present,False,vision kept (strong zone),False,Pleural Effusion,0,5,strong,"[{'case_id': 'patient39140/study10', 'similarity': 0.29776257276535034, 'snippet': 'left pleural effusion'}, {'case_id': 'patient06371/study12', 'similarity': 0.25700438022613525, 'snippet': 'stable right-sided pleural effusion'}, {'case_id': 'patient04745/study3', 'similarity': 0.2532169818878174, 'snippet': 'stable mild edema and small left effusion'}]",present,strong,patient34654/study5,evidence_verification_without_LLM,evidence_verification_policy_v1,3,0
[],none,3,fused=present; p=0.7456; threshold=0.2800; retrieval_pos=0; retrieval_neg=0; evidence_score=3,present,False,vision kept (strong zone),False,Pneumonia,0,0,none,[],present,strong,patient34654/study5,evidence_verification_without_LLM,evidence_verification_policy_v1,0,0
"[{'case_id': 'patient39140/study10', 'similarity': 0.29776257276535034, 'snippet': 'no pulmonary edema or pneumothorax'}, {'case_id': 'patient38898/study3', 'similarity': 0.2522231340408325, 'snippet': 'no pneumothorax'}, {'case_id': 'patient38898/study3', 'similarity': 0.2522231340408325, 'snippet': 'no evidence of pneumothorax'}]",none,3,fused=present; p=0.4451; threshold=0.3300; retrieval_pos=8; retrieval_neg=3; evidence_score=3,present,False,"vision kept (gray zone, insufficient retrieval signal)",True,Pneumothorax,3,8,moderate,"[{'case_id': 'patient37925/study1', 'similarity': 0.33191072940826416, 'snippet': 'pneumothorax versus bulla'}, {'case_id': 'patient37925/study1', 'similarity': 0.33191072940826416, 'snippet': 'radiographs and which may represent a small pneumothorax versus'}, {'case_id': 'patient06371/study12', 'similarity': 0.25700438022613525, 'snippet': 'evidence of pneumothorax'}]",present,moderate,patient34654/study5,evidence_verification_without_LLM,evidence_verification_policy_v1,3,3
[],none,4,fused=present; p=0.6904; threshold=0.4200; retrieval_pos=2; retrieval_neg=0; evidence_score=4,present,False,vision kept (strong zone),False,Fracture,0,2,moderate,"[{'case_id': 'patient47458/study12', 'similarity': 0.42124873399734497, 'snippet': 'a healing left second rib fracture is again seen'}, {'case_id': 'patient47458/study10', 'similarity': 0.28035223484039307, 'snippet': 'left second rib fracture is again noted'}]",present,strong,patient34654/study5,evidence_verification_without_LLM,evidence_verification_policy_v1,2,0
[],none,4,fused=present; p=0.6885; threshold=0.3900; retrieval_pos=3; retrieval_neg=0; evidence_score=4,present,False,vision kept (strong zone),False,Lung Lesion,0,3,moderate,"[{'case_id': 'patient38898/study3', 'similarity': 0.2522231340408325, 'snippet': 'again noted is a nodular masslike'}, {'case_id': 'patient38898/study3', 'similarity': 0.2522231340408325, 'snippet': 'upper lung zone mass'}, {'case_id': 'patient10923/study1', 'similarity': 0.24769455194473267, 'snippet': 'nodule better identified on ct'}]",present,strong,patient34654/study5,evidence_verification_without_LLM,evidence_verification_policy_v1,3,0
"[{'case_id': 'patient38898/study3', 'similarity': 0.2522231340408325, 'snippet': 'no new infiltrates or consolidations are noted'}, {'case_id': 'patient38898/study3', 'similarity': 0.2522231340408325, 'snippet': 'no definite evidence for new infiltrates or consolidations'}]",none,4,fused=present; p=0.9258; threshold=0.6200; retrieval_pos=4; retrieval_neg=2; evidence_score=4,present,False,vision kept (strong zone),False,Lung Opacity,2,4,moderate,"[{'case_id': 'patient06371/study12', 'similarity': 0.25700438022613525, 'snippet': 'with atelectasis versus early infiltrate'}, {'case_id': 'patient38898/study3', 'similarity': 0.2522231340408325, 'snippet': 'opacity in the right upper lung zone measuring 1'}, {'case_id': 'patient38898/study3', 'similarity': 0.2522231340408325, 'snippet': 'associated with the linear scarring is a more dense nodular opacity'}]",present,strong,patient34654/study5,evidence_verification_without_LLM,evidence_verification_policy_v1,3,2
[],none,2,fused=present; p=0.3616; threshold=0.3500; retrieval_pos=0; retrieval_neg=0; evidence_score=2,present,False,"vision kept (gray zone, insufficient retrieval signal)",True,Enlarged Cardiomediastinum,0,0,none,[],present,moderate,patient34654/study5,evidence_verification_without_LLM,evidence_verification_policy_v1,0,0
[],none,2,fused=present; p=0.4751; threshold=0.4500; retrieval_pos=0; retrieval_neg=0; evidence_score=2,present,False,"vision kept (gray zone, insufficient retrieval signal)",True,Pleural Other,0,0,none,[],present,moderate,patient34654/study5,evidence_verification_without_LLM,evidence_verification_policy_v1,0,0
[],none,4,fused=present; p=0.8345; threshold=0.5600; retrieval_pos=2; retrieval_neg=0; evidence_score=4,present,False,vision kept (strong zone),False,Atelectasis,0,2,moderate,"[{'case_id': 'patient22242/study10', 'similarity': 0.3154546022415161, 'snippet': 'associated volume loss with elevation of the right hemidiaphragm and'}, {'case_id': 'patient24532/study4', 'similarity': 0.2767355442047119, 'snippet': 'which may be due to postbiopsy change, aspiration, atelectasis, and'}]",present,strong,patient34954/study2,evidence_verification_without_LLM,evidence_verification_policy_v1,2,0
[],none,5,fused=present; p=0.7769; threshold=0.4500; retrieval_pos=4; retrieval_neg=0; evidence_score=5,present,False,vision kept (strong zone),False,Consolidation,0,4,strong,"[{'case_id': 'patient40573/study5', 'similarity': 0.2887728810310364, 'snippet': 'slight improvement in the bilateral patchy consolidation'}, {'case_id': 'patient40573/study5', 'similarity': 0.2887728810310364, 'snippet': 'mild improvement in bilateral patchy consolidation, with interval'}, {'case_id': 'patient24532/study4', 'similarity': 0.2767355442047119, 'snippet': 'bibasilar consolidations and bilateral'}]",present,strong,patient34954/study2,evidence_verification_without_LLM,evidence_verification_policy_v1,3,0
[],none,5,fused=present; p=0.8574; threshold=0.4539; retrieval_pos=5; retrieval_neg=0; evidence_score=5,present,False,vision kept (strong zone),False,Edema,0,5,strong,"[{'case_id': 'patient29732/study18', 'similarity': 0.3211265802383423, 'snippet': 'pulmonary edema'}, {'case_id': 'patient29732/study18', 'similarity': 0.3211265802383423, 'snippet': 'stable mild pulmonary edema'}, {'case_id': 'patient21117/study1', 'similarity': 0.3104771375656128, 'snippet': 'for multifocal infection with superimposed mild pulmonary edema'}]",present,strong,patient34954/study2,evidence_verification_without_LLM,evidence_verification_policy_v1,3,0
[],none,5,fused=present; p=0.8101; threshold=0.6000; retrieval_pos=7; retrieval_neg=0; evidence_score=5,present,False,vision kept (strong zone),False,Pleural Effusion,0,7,strong,"[{'case_id': 'patient29732/study18', 'similarity': 0.3211265802383423, 'snippet': 'opacities and small bilateral pleural effusions'}, {'case_id': 'patient29732/study18', 'similarity': 0.3211265802383423, 'snippet': 'stable bibasilar opacities and small bilateral pleural effusions'}, {'case_id': 'patient22242/study10', 'similarity': 0.3154546022415161, 'snippet': 'possible effusion'}]",present,strong,patient34954/study2,evidence_verification_without_LLM,evidence_verification_policy_v1,3,0
[],none,3,fused=present; p=0.8628; threshold=0.2800; retrieval_pos=0; retrieval_neg=0; evidence_score=3,present,False,vision kept (strong zone),False,Pneumonia,0,0,none,[],present,strong,patient34954/study2,evidence_verification_without_LLM,evidence_verification_policy_v1,0,0
"[{'case_id': 'patient26298/study4', 'similarity': 0.3394203782081604, 'snippet': 'no visible pneumothorax'}, {'case_id': 'patient26298/study4', 'similarity': 0.3394203782081604, 'snippet': 'no visible pneumothorax'}, {'case_id': 'patient24532/study4', 'similarity': 0.2767355442047119, 'snippet': 'no evidence of postprocedural pneumothorax'}]",none,4,fused=present; p=0.6855; threshold=0.3300; retrieval_pos=9; retrieval_neg=4; evidence_score=4,present,False,vision kept (strong zone),False,Pneumothorax,4,9,moderate,"[{'case_id': 'patient29732/study18', 'similarity': 0.3211265802383423, 'snippet': 'tiny residual left apical pneumothorax'}, {'case_id': 'patient29732/study18', 'similarity': 0.3211265802383423, 'snippet': 'apical pneumothorax'}, {'case_id': 'patient22242/study10', 'similarity': 0.3154546022415161, 'snippet': 'the right apical pneumothorax appears minimally decreased in size'}]",present,strong,patient34954/study2,evidence_verification_without_LLM,evidence_verification_policy_v1,3,3
[],none,3,fused=present; p=0.7080; threshold=0.4200; retrieval_pos=0; retrieval_neg=0; evidence_score=3,present,False,vision kept (strong zone),False,Fracture,0,0,none,[],present,strong,patient34954/study2,evidence_verification_without_LLM,evidence_verification_policy_v1,0,0
[],none,4,fused=present; p=0.9707; threshold=0.3900; retrieval_pos=2; retrieval_neg=0; evidence_score=4,present,False,vision kept (strong zone),False,Lung Lesion,0,2,moderate,"[{'case_id': 'patient26298/study4', 'similarity': 0.3394203782081604, 'snippet': 'unchanged mass in the left lung'}, {'case_id': 'patient24532/study4', 'similarity': 0.2767355442047119, 'snippet': 'cm nodule in the right lower lobe, better evaluated by ct'}]",present,strong,patient34954/study2,evidence_verification_without_LLM,evidence_verification_policy_v1,2,0
[],none,5,fused=present; p=0.9780; threshold=0.6200; retrieval_pos=8; retrieval_neg=0; evidence_score=5,present,False,vision kept (strong zone),False,Lung Opacity,0,8,strong,"[{'case_id': 'patient21117/study1', 'similarity': 0.3104771375656128, 'snippet': 'diffuse patchy airspace opacity with airway thickening, concerning'}, {'case_id': 'patient21117/study1', 'similarity': 0.3104771375656128, 'snippet': 'right upper lobe lung zone 9 mm nodular opacity which may represent'}, {'case_id': 'patient21117/study1', 'similarity': 0.3104771375656128, 'snippet': 'diffuse patchy airspace opacity with airway thickening, concerning'}]",present,strong,patient34954/study2,evidence_verification_without_LLM,evidence_verification_policy_v1,3,0
[],none,3,fused=present; p=0.7441; threshold=0.3500; retrieval_pos=0; retrieval_neg=0; evidence_score=3,present,False,vision kept (strong zone),False,Enlarged Cardiomediastinum,0,0,none,[],present,strong,patient34954/study2,evidence_verification_without_LLM,evidence_verification_policy_v1,0,0
[],none,4,fused=present; p=0.9487; threshold=0.4500; retrieval_pos=2; retrieval_neg=0; evidence_score=4,present,False,vision kept (strong zone),False,Pleural Other,0,2,moderate,"[{'case_id': 'patient24532/study4', 'similarity': 0.2767355442047119, 'snippet': 'pleural thickening and calcification appear unchanged'}, {'case_id': 'patient24532/study4', 'similarity': 0.2767355442047119, 'snippet': 'bibasilar consolidations with bilateral pleural thickening and'}]",present,strong,patient34954/study2,evidence_verification_without_LLM,evidence_verification_policy_v1,2,0
[],none,4,fused=present; p=0.5913; threshold=0.5600; retrieval_pos=4; retrieval_neg=0; evidence_score=4,present,False,"vision kept (gray zone, insufficient retrieval signal)",True,Atelectasis,0,4,strong,"[{'case_id': 'patient37278/study18', 'similarity': 0.37580257654190063, 'snippet': 'likely reflecting worsening atelectasis'}, {'case_id': 'patient37278/study18', 'similarity': 0.37580257654190063, 'snippet': 'worsening left base atelectasis'}, {'case_id': 'patient03941/study3', 'similarity': 0.37360143661499023, 'snippet': 'could represent either atelectasis or consolidation'}]",present,moderate,patient36573/study10,evidence_verification_without_LLM,evidence_verification_policy_v1,3,0
"[{'case_id': 'patient35130/study10', 'similarity': 0.4631229639053345, 'snippet': 'small left pleural effusion and no significant pulmonary edema'}, {'case_id': 'patient34615/study14', 'similarity': 0.4430997371673584, 'snippet': 'no pulmonary edema or'}, {'case_id': 'patient27757/study1', 'similarity': 0.43277931213378906, 'snippet': 'no pulmonary edema'}]",none,4,fused=present; p=0.6714; threshold=0.4539; retrieval_pos=12; retrieval_neg=7; evidence_score=4,present,False,vision kept (strong zone),False,Edema,7,12,moderate,"[{'case_id': 'patient34615/study14', 'similarity': 0.4430997371673584, 'snippet': 'mild pulmonary edema'}, {'case_id': 'patient34615/study14', 'similarity': 0.4430997371673584, 'snippet': 'stable mild pulmonary edema'}, {'case_id': 'patient34615/study14', 'similarity': 0.4430997371673584, 'snippet': 'stable small bilateral pleural effusions and mild pulmonary edema'}]",present,strong,patient36573/study10,evidence_verification_without_LLM,evidence_verification_policy_v1,3,3
[],none,4,fused=present; p=0.7202; threshold=0.6000; retrieval_pos=25; retrieval_neg=0; evidence_score=4,present,False,"vision kept (gray zone, insufficient retrieval signal)",True,Pleural Effusion,0,25,strong,"[{'case_id': 'patient35130/study10', 'similarity': 0.4631229639053345, 'snippet': 'small left pleural effusion and no significant pulmonary edema'}, {'case_id': 'patient34615/study14', 'similarity': 0.4430997371673584, 'snippet': 'effusions'}, {'case_id': 'patient34615/study14', 'similarity': 0.4430997371673584, 'snippet': 'and small bilateral pleural effusions'}]",present,moderate,patient36573/study10,evidence_verification_without_LLM,evidence_verification_policy_v1,3,0
[],none,3,fused=present; p=0.2925; threshold=0.2800; retrieval_pos=2; retrieval_neg=0; evidence_score=3,present,False,"vision kept (gray zone, insufficient retrieval signal)",True,Pneumonia,0,2,moderate,"[{'case_id': 'patient38971/study12', 'similarity': 0.4071519374847412, 'snippet': 'lung, likely represents pneumonia'}, {'case_id': 'patient38971/study12', 'similarity': 0.4071519374847412, 'snippet': 'transplanted lung, most consistent with pneumonia'}]",present,moderate,patient36573/study10,evidence_verification_without_LLM,evidence_verification_policy_v1,2,0
[],none,3,fused=present; p=0.5205; threshold=0.4200; retrieval_pos=1; retrieval_neg=0; evidence_score=3,present,False,"vision kept (gray zone, insufficient retrieval signal)",True,Fracture,0,1,weak,"[{'case_id': 'patient34641/study19', 'similarity': 0.3900794982910156, 'snippet': 'deformity of the left clavicle consistent with prior fracture, as'}]",present,moderate,patient36573/study10,evidence_verification_without_LLM,evidence_verification_policy_v1,1,0
[],none,5,fused=present; p=0.8159; threshold=0.6200; retrieval_pos=17; retrieval_neg=0; evidence_score=5,present,False,vision kept (strong zone),False,Lung Opacity,0,17,strong,"[{'case_id': 'patient34615/study14', 'similarity': 0.4430997371673584, 'snippet': 'stable confluent airspace opacity in the retrocardiac'}, {'case_id': 'patient34615/study14', 'similarity': 0.4430997371673584, 'snippet': 'stable confluent airspace opacity in the left lung base'}, {'case_id': 'patient34615/study14', 'similarity': 0.4430997371673584, 'snippet': 'stable confluent left retrocardiac airspace opacity'}]",present,strong,patient36573/study10,evidence_verification_without_LLM,evidence_verification_policy_v1,3,0
[],none,4,fused=present; p=0.6362; threshold=0.5600; retrieval_pos=7; retrieval_neg=0; evidence_score=4,present,False,"vision kept (gray zone, insufficient retrieval signal)",True,Atelectasis,0,7,strong,"[{'case_id': 'patient07347/study3', 'similarity': 0.3239351511001587, 'snippet': 'improvement of left lung base opacity, likely atelectasis versus'}, {'case_id': 'patient19689/study53', 'similarity': 0.318504273891449, 'snippet': 'mild atelectasis at the right lung base'}, {'case_id': 'patient01342/study10', 'similarity': 0.27995914220809937, 'snippet': 'right mid and upper lung zones and volume loss in the right'}]",present,moderate,patient37298/study6,evidence_verification_without_LLM,evidence_verification_policy_v1,3,0
[],none,3,fused=present; p=0.6030; threshold=0.5000; retrieval_pos=3; retrieval_neg=0; evidence_score=3,present,False,"vision kept (gray zone, insufficient retrieval signal)",True,Cardiomegaly,0,3,moderate,"[{'case_id': 'patient35930/study1', 'similarity': 0.2727710008621216, 'snippet': 'widening and persistent marked cardiomegaly'}, {'case_id': 'patient35930/study1', 'similarity': 0.2727710008621216, 'snippet': 'cardiomegaly'}, {'case_id': 'patient12427/study18', 'similarity': 0.2718350887298584, 'snippet': 'pulmonary vascular congestion and mild cardiomegaly, which could'}]",present,moderate,patient37298/study6,evidence_verification_without_LLM,evidence_verification_policy_v1,3,0
[],none,4,fused=present; p=0.6963; threshold=0.4500; retrieval_pos=1; retrieval_neg=0; evidence_score=4,present,False,vision kept (strong zone),False,Consolidation,0,1,weak,"[{'case_id': 'patient07347/study3', 'similarity': 0.3239351511001587, 'snippet': 'resolving consolidation'}]",present,strong,patient37298/study6,evidence_verification_without_LLM,evidence_verification_policy_v1,1,0
[],none,5,fused=present; p=0.7188; threshold=0.4539; retrieval_pos=7; retrieval_neg=0; evidence_score=5,present,False,vision kept (strong zone),False,Edema,0,7,strong,"[{'case_id': 'patient36526/study11', 'similarity': 0.31853044033050537, 'snippet': 'mild pulmonary edema'}, {'case_id': 'patient19689/study53', 'similarity': 0.318504273891449, 'snippet': 'bilaterally, suggesting component of underlying mild edema'}, {'case_id': 'patient19689/study53', 'similarity': 0.318504273891449, 'snippet': 'mild bilateral pulmonary edema'}]",present,strong,patient37298/study6,evidence_verification_without_LLM,evidence_verification_policy_v1,3,0
"[{'case_id': 'patient12427/study18', 'similarity': 0.2718350887298584, 'snippet': 'no pleural effusion or'}]",none,3,fused=present; p=0.7212; threshold=0.6000; retrieval_pos=7; retrieval_neg=1; evidence_score=3,present,False,"vision kept (gray zone, insufficient retrieval signal)",True,Pleural Effusion,1,7,moderate,"[{'case_id': 'patient19689/study53', 'similarity': 0.318504273891449, 'snippet': 'costophrenic angles are blunted bilaterally, small effusion suspected'}, {'case_id': 'patient19689/study53', 'similarity': 0.318504273891449, 'snippet': 'on the right, likely trace effusion on the left'}, {'case_id': 'patient19689/study53', 'similarity': 0.318504273891449, 'snippet': 'small bilateral pleural effusions'}]",present,moderate,patient37298/study6,evidence_verification_without_LLM,evidence_verification_policy_v1,3,1
[],none,2,fused=present; p=0.4390; threshold=0.4200; retrieval_pos=0; retrieval_neg=0; evidence_score=2,present,False,"vision kept (gray zone, insufficient retrieval signal)",True,Fracture,0,0,none,[],present,moderate,patient37298/study6,evidence_verification_without_LLM,evidence_verification_policy_v1,0,0
[],none,4,fused=present; p=0.8955; threshold=0.6200; retrieval_pos=3; retrieval_neg=0; evidence_score=4,present,False,vision kept (strong zone),False,Lung Opacity,0,3,moderate,"[{'case_id': 'patient07347/study3', 'similarity': 0.3239351511001587, 'snippet': 'diffuse opacity in the left lung'}, {'case_id': 'patient07347/study3', 'similarity': 0.3239351511001587, 'snippet': 'improvement of left lung base opacity, likely atelectasis versus'}, {'case_id': 'patient36579/study1', 'similarity': 0.2723950147628784, 'snippet': 'the left basilar opacity likely representing plate-like'}]",present,strong,patient37298/study6,evidence_verification_without_LLM,evidence_verification_policy_v1,3,0
[],none,3,fused=present; p=0.8423; threshold=0.3500; retrieval_pos=0; retrieval_neg=0; evidence_score=3,present,False,vision kept (strong zone),False,Enlarged Cardiomediastinum,0,0,none,[],present,strong,patient37298/study6,evidence_verification_without_LLM,evidence_verification_policy_v1,0,0
[],none,4,fused=present; p=0.8242; threshold=0.4500; retrieval_pos=1; retrieval_neg=0; evidence_score=4,present,False,vision kept (strong zone),False,Pleural Other,0,1,weak,"[{'case_id': 'patient01342/study10', 'similarity': 0.27995914220809937, 'snippet': 'unchanged mild right pleural thickening and a small right pleural'}]",present,strong,patient37298/study6,evidence_verification_without_LLM,evidence_verification_policy_v1,1,0
[],none,4,fused=present; p=0.9517; threshold=0.5600; retrieval_pos=3; retrieval_neg=0; evidence_score=4,present,False,vision kept (strong zone),False,Atelectasis,0,3,moderate,"[{'case_id': 'patient05476/study3', 'similarity': 0.3315412402153015, 'snippet': 'atelectasis or vascular crowding'}, {'case_id': 'patient46679/study12', 'similarity': 0.3272920846939087, 'snippet': 'there is mild right basal atelectasis, with unchanged elevation of'}, {'case_id': 'patient46679/study12', 'similarity': 0.3272920846939087, 'snippet': 'atelectasis and elevation of the right hemidiaphragm'}]",present,strong,patient38584/study4,evidence_verification_without_LLM,evidence_verification_policy_v1,3,0
[],none,3,fused=present; p=0.5854; threshold=0.5000; retrieval_pos=1; retrieval_neg=0; evidence_score=3,present,False,"vision kept (gray zone, insufficient retrieval signal)",True,Cardiomegaly,0,1,weak,"[{'case_id': 'patient44252/study4', 'similarity': 0.31450772285461426, 'snippet': 'stable cardiomegaly with enlarged superior mediastinum'}]",present,moderate,patient38584/study4,evidence_verification_without_LLM,evidence_verification_policy_v1,1,0
[],none,5,fused=present; p=0.9253; threshold=0.4500; retrieval_pos=5; retrieval_neg=0; evidence_score=5,present,False,vision kept (strong zone),False,Consolidation,0,5,strong,"[{'case_id': 'patient36567/study1', 'similarity': 0.3270692229270935, 'snippet': 'left lower lobe opacity, likely infectious consolidation'}, {'case_id': 'patient36567/study1', 'similarity': 0.3270692229270935, 'snippet': 'left lower lobe opacity, likely infectious consolidation'}, {'case_id': 'patient37682/study12', 'similarity': 0.3136177062988281, 'snippet': 'persistent bibasilar consolidations, right'}]",present,strong,patient38584/study4,evidence_verification_without_LLM,evidence_verification_policy_v1,3,0
"[{'case_id': 'patient05476/study3', 'similarity': 0.3315412402153015, 'snippet': 'there is no edema'}]",none,4,fused=present; p=0.9736; threshold=0.4539; retrieval_pos=8; retrieval_neg=1; evidence_score=4,present,False,vision kept (strong zone),False,Edema,1,8,moderate,"[{'case_id': 'patient21117/study1', 'similarity': 0.47115665674209595, 'snippet': 'for multifocal infection with superimposed mild pulmonary edema'}, {'case_id': 'patient21117/study1', 'similarity': 0.47115665674209595, 'snippet': 'for multifocal infection with superimposed mild pulmonary edema'}, {'case_id': 'patient36567/study1', 'similarity': 0.3270692229270935, 'snippet': 'pulmonary edema'}]",present,strong,patient38584/study4,evidence_verification_without_LLM,evidence_verification_policy_v1,3,1
"[{'case_id': 'patient05476/study3', 'similarity': 0.3315412402153015, 'snippet': 'is no significant pleural effusion'}, {'case_id': 'patient46679/study12', 'similarity': 0.3272920846939087, 'snippet': 'no obvious pleural effusion on the right'}, {'case_id': 'patient36567/study1', 'similarity': 0.3270692229270935, 'snippet': 'no pleural effusion or pneumothorax'}]",none,4,fused=present; p=0.8286; threshold=0.6000; retrieval_pos=6; retrieval_neg=4; evidence_score=4,present,False,vision kept (strong zone),False,Pleural Effusion,4,6,moderate,"[{'case_id': 'patient19360/study6', 'similarity': 0.4780007600784302, 'snippet': 'effusion'}, {'case_id': 'patient19360/study4', 'similarity': 0.42143648862838745, 'snippet': 'effusion'}, {'case_id': 'patient46679/study12', 'similarity': 0.3272920846939087, 'snippet': 'pleural effusion'}]",present,strong,patient38584/study4,evidence_verification_without_LLM,evidence_verification_policy_v1,3,3
[],none,4,fused=present; p=0.9092; threshold=0.2800; retrieval_pos=1; retrieval_neg=0; evidence_score=4,present,False,vision kept (strong zone),False,Pneumonia,0,1,weak,"[{'case_id': 'patient42460/study2', 'similarity': 0.3135223984718323, 'snippet': 'serial radiographs show likely multifocal fungal pneumonia in the'}]",present,strong,patient38584/study4,evidence_verification_without_LLM,evidence_verification_policy_v1,1,0
"[{'case_id': 'patient05476/study3', 'similarity': 0.3315412402153015, 'snippet': 'there is no pneumothorax'}, {'case_id': 'patient05476/study3', 'similarity': 0.3315412402153015, 'snippet': 'no evidence of pneumothorax'}, {'case_id': 'patient46679/study12', 'similarity': 0.3272920846939087, 'snippet': 'no evidence of pneumothorax'}]",none,4,fused=present; p=0.5869; threshold=0.3300; retrieval_pos=8; retrieval_neg=5; evidence_score=4,present,False,vision kept (strong zone),False,Pneumothorax,5,8,moderate,"[{'case_id': 'patient19360/study6', 'similarity': 0.4780007600784302, 'snippet': 'there is now a large right-sided pneumothorax'}, {'case_id': 'patient19360/study6', 'similarity': 0.4780007600784302, 'snippet': 'status post thoracentesis there is a large right-sided pneumothorax'}, {'case_id': 'patient19360/study6', 'similarity': 0.4780007600784302, 'snippet': 'the pneumothorax remains large'}]",present,strong,patient38584/study4,evidence_verification_without_LLM,evidence_verification_policy_v1,3,3
[],none,3,fused=present; p=0.9077; threshold=0.4200; retrieval_pos=0; retrieval_neg=0; evidence_score=3,present,False,vision kept (strong zone),False,Fracture,0,0,none,[],present,strong,patient38584/study4,evidence_verification_without_LLM,evidence_verification_policy_v1,0,0
[],none,4,fused=present; p=0.9150; threshold=0.3900; retrieval_pos=2; retrieval_neg=0; evidence_score=4,present,False,vision kept (strong zone),False,Lung Lesion,0,2,moderate,"[{'case_id': 'patient46580/study1', 'similarity': 0.32451140880584717, 'snippet': '8 cm mass lesion in the left upper lobe'}, {'case_id': 'patient46580/study1', 'similarity': 0.32451140880584717, 'snippet': '8 cm mass lesion in the left upper lobe'}]",present,strong,patient38584/study4,evidence_verification_without_LLM,evidence_verification_policy_v1,2,0
[],none,5,fused=present; p=0.9927; threshold=0.6200; retrieval_pos=9; retrieval_neg=0; evidence_score=5,present,False,vision kept (strong zone),False,Lung Opacity,0,9,strong,"[{'case_id': 'patient21117/study1', 'similarity': 0.47115665674209595, 'snippet': 'diffuse patchy airspace opacity with airway thickening, concerning'}, {'case_id': 'patient21117/study1', 'similarity': 0.47115665674209595, 'snippet': 'right upper lobe lung zone 9 mm nodular opacity which may represent'}, {'case_id': 'patient21117/study1', 'similarity': 0.47115665674209595, 'snippet': 'diffuse patchy airspace opacity with airway thickening, concerning'}]",present,strong,patient38584/study4,evidence_verification_without_LLM,evidence_verification_policy_v1,3,0
[],none,3,fused=present; p=0.8145; threshold=0.3500; retrieval_pos=0; retrieval_neg=0; evidence_score=3,present,False,vision kept (strong zone),False,Enlarged Cardiomediastinum,0,0,none,[],present,strong,patient38584/study4,evidence_verification_without_LLM,evidence_verification_policy_v1,0,0
[],none,3,fused=present; p=0.9111; threshold=0.4500; retrieval_pos=0; retrieval_neg=0; evidence_score=3,present,False,vision kept (strong zone),False,Pleural Other,0,0,none,[],present,strong,patient38584/study4,evidence_verification_without_LLM,evidence_verification_policy_v1,0,0
[],none,5,fused=present; p=0.7593; threshold=0.5600; retrieval_pos=4; retrieval_neg=0; evidence_score=5,present,False,vision kept (strong zone),False,Atelectasis,0,4,strong,"[{'case_id': 'patient37633/study2', 'similarity': 0.392225980758667, 'snippet': 'contusion versus atelectasis'}, {'case_id': 'patient20737/study1', 'similarity': 0.3866962194442749, 'snippet': 'atelectasis or consolidation'}, {'case_id': 'patient42477/study4', 'similarity': 0.3670072555541992, 'snippet': 'there is minor residual atelectasis in the'}]",present,strong,patient42540/study2,evidence_verification_without_LLM,evidence_verification_policy_v1,3,0
"[{'case_id': 'patient14723/study1', 'similarity': 0.5183753371238708, 'snippet': 'no definite pneumothorax is identified'}, {'case_id': 'patient47458/study1', 'similarity': 0.3945688009262085, 'snippet': 'no evidence of pneumothorax'}, {'case_id': 'patient37633/study2', 'similarity': 0.392225980758667, 'snippet': 'no pneumothorax is present'}]",none,3,fused=present; p=0.3740; threshold=0.3300; retrieval_pos=7; retrieval_neg=4; evidence_score=3,present,False,"vision kept (gray zone, insufficient retrieval signal)",True,Pneumothorax,4,7,moderate,"[{'case_id': 'patient36793/study1', 'similarity': 0.6194917559623718, 'snippet': 'evidence of pneumothorax'}, {'case_id': 'patient36793/study2', 'similarity': 0.5126204490661621, 'snippet': 'evidence of pneumothorax'}, {'case_id': 'patient03304/study1', 'similarity': 0.3764890432357788, 'snippet': 'a small right pneumothorax is seen, and contains'}]",present,moderate,patient42540/study2,evidence_verification_without_LLM,evidence_verification_policy_v1,3,3
[],none,4,fused=present; p=0.6099; threshold=0.4200; retrieval_pos=2; retrieval_neg=0; evidence_score=4,present,False,vision kept (strong zone),False,Fracture,0,2,moderate,"[{'case_id': 'patient03304/study1', 'similarity': 0.3764890432357788, 'snippet': 'rib fracture and trace subcutaneous emphysema of the right chest wall'}, {'case_id': 'patient47458/study12', 'similarity': 0.3606799244880676, 'snippet': 'a healing left second rib fracture is again seen'}]",present,strong,patient42540/study2,evidence_verification_without_LLM,evidence_verification_policy_v1,2,0
[],none,3,fused=present; p=0.4785; threshold=0.3900; retrieval_pos=2; retrieval_neg=0; evidence_score=3,present,False,"vision kept (gray zone, insufficient retrieval signal)",True,Lung Lesion,0,2,moderate,"[{'case_id': 'patient03304/study1', 'similarity': 0.3764890432357788, 'snippet': 'a right basilar mass has been'}, {'case_id': 'patient03304/study1', 'similarity': 0.3764890432357788, 'snippet': 'a resected pleural mass'}]",present,moderate,patient42540/study2,evidence_verification_without_LLM,evidence_verification_policy_v1,2,0
"[{'case_id': 'patient14723/study1', 'similarity': 0.5183753371238708, 'snippet': 'no focal pulmonary infiltrates are seen'}]",none,3,fused=present; p=0.7578; threshold=0.6200; retrieval_pos=2; retrieval_neg=1; evidence_score=3,present,False,"vision kept (gray zone, insufficient retrieval signal)",True,Lung Opacity,1,2,moderate,"[{'case_id': 'patient47458/study1', 'similarity': 0.3945688009262085, 'snippet': 'decreased right perihilar opacity'}, {'case_id': 'patient37633/study2', 'similarity': 0.392225980758667, 'snippet': 'subtle opacity in the right mid lung which may represent lung'}]",present,moderate,patient42540/study2,evidence_verification_without_LLM,evidence_verification_policy_v1,2,1
