case_number,study_key,dicom_path,status,quality_gate_decision,route_next,completed_steps,judge_case_count,retrieval_results_csv,disease_reasoning_results_csv,judge_results_csv,judge_report_path,error
1,patient00003/study1,patient00003/study1/view1_frontal.dcm,completed,pass,complete,quality_gate_agent | retrieval_agent | disease_reasoning_agent | judge_agent,1,outputs/chexpert_plus/batch_first_100/tmp/001_patient00003_study1_view1_frontal_retrieval_results.csv,outputs/chexpert_plus/batch_first_100/tmp/001_patient00003_study1_view1_frontal_disease_reasoning_results.csv,outputs/chexpert_plus/batch_first_100/tmp/001_patient00003_study1_view1_frontal_judge_results.csv,outputs/chexpert_plus/batch_first_100/tmp/001_patient00003_study1_view1_frontal_judge_report.md,
2,patient00009/study1,patient00009/study1/view1_frontal.dcm,completed,review_with_technical_warning,complete,quality_gate_agent | retrieval_agent | disease_reasoning_agent | judge_agent,1,outputs/chexpert_plus/batch_first_100/tmp/002_patient00009_study1_view1_frontal_retrieval_results.csv,outputs/chexpert_plus/batch_first_100/tmp/002_patient00009_study1_view1_frontal_disease_reasoning_results.csv,outputs/chexpert_plus/batch_first_100/tmp/002_patient00009_study1_view1_frontal_judge_results.csv,outputs/chexpert_plus/batch_first_100/tmp/002_patient00009_study1_view1_frontal_judge_report.md,
3,patient00009/study1,patient00009/study1/view2_lateral.dcm,completed,review_with_technical_warning,complete,quality_gate_agent | retrieval_agent | disease_reasoning_agent | judge_agent,1,outputs/chexpert_plus/batch_first_100/tmp/003_patient00009_study1_view2_lateral_retrieval_results.csv,outputs/chexpert_plus/batch_first_100/tmp/003_patient00009_study1_view2_lateral_disease_reasoning_results.csv,outputs/chexpert_plus/batch_first_100/tmp/003_patient00009_study1_view2_lateral_judge_results.csv,outputs/chexpert_plus/batch_first_100/tmp/003_patient00009_study1_view2_lateral_judge_report.md,
4,patient00016/study1,patient00016/study1/view1_frontal.dcm,completed,review_with_technical_warning,complete,quality_gate_agent | retrieval_agent | disease_reasoning_agent | judge_agent,1,outputs/chexpert_plus/batch_first_100/tmp/004_patient00016_study1_view1_frontal_retrieval_results.csv,outputs/chexpert_plus/batch_first_100/tmp/004_patient00016_study1_view1_frontal_disease_reasoning_results.csv,outputs/chexpert_plus/batch_first_100/tmp/004_patient00016_study1_view1_frontal_judge_results.csv,outputs/chexpert_plus/batch_first_100/tmp/004_patient00016_study1_view1_frontal_judge_report.md,
5,patient00016/study1,patient00016/study1/view2_lateral.dcm,completed,review_with_technical_warning,complete,quality_gate_agent | retrieval_agent | disease_reasoning_agent | judge_agent,1,outputs/chexpert_plus/batch_first_100/tmp/005_patient00016_study1_view2_lateral_retrieval_results.csv,outputs/chexpert_plus/batch_first_100/tmp/005_patient00016_study1_view2_lateral_disease_reasoning_results.csv,outputs/chexpert_plus/batch_first_100/tmp/005_patient00016_study1_view2_lateral_judge_results.csv,outputs/chexpert_plus/batch_first_100/tmp/005_patient00016_study1_view2_lateral_judge_report.md,
6,patient00026/study1,patient00026/study1/view1_frontal.dcm,completed,review_with_technical_warning,complete,quality_gate_agent | retrieval_agent | disease_reasoning_agent | judge_agent,1,outputs/chexpert_plus/batch_first_100/tmp/006_patient00026_study1_view1_frontal_retrieval_results.csv,outputs/chexpert_plus/batch_first_100/tmp/006_patient00026_study1_view1_frontal_disease_reasoning_results.csv,outputs/chexpert_plus/batch_first_100/tmp/006_patient00026_study1_view1_frontal_judge_results.csv,outputs/chexpert_plus/batch_first_100/tmp/006_patient00026_study1_view1_frontal_judge_report.md,
7,patient00026/study1,patient00026/study1/view2_lateral.dcm,completed,review_with_technical_warning,complete,quality_gate_agent | retrieval_agent | disease_reasoning_agent | judge_agent,1,outputs/chexpert_plus/batch_first_100/tmp/007_patient00026_study1_view2_lateral_retrieval_results.csv,outputs/chexpert_plus/batch_first_100/tmp/007_patient00026_study1_view2_lateral_disease_reasoning_results.csv,outputs/chexpert_plus/batch_first_100/tmp/007_patient00026_study1_view2_lateral_judge_results.csv,outputs/chexpert_plus/batch_first_100/tmp/007_patient00026_study1_view2_lateral_judge_report.md,
8,patient00027/study1,patient00027/study1/view1_frontal.dcm,completed,review_with_technical_warning,complete,quality_gate_agent | retrieval_agent | disease_reasoning_agent | judge_agent,1,outputs/chexpert_plus/batch_first_100/tmp/008_patient00027_study1_view1_frontal_retrieval_results.csv,outputs/chexpert_plus/batch_first_100/tmp/008_patient00027_study1_view1_frontal_disease_reasoning_results.csv,outputs/chexpert_plus/batch_first_100/tmp/008_patient00027_study1_view1_frontal_judge_results.csv,outputs/chexpert_plus/batch_first_100/tmp/008_patient00027_study1_view1_frontal_judge_report.md,
9,patient00027/study1,patient00027/study1/view2_lateral.dcm,completed,review_with_technical_warning,complete,quality_gate_agent | retrieval_agent | disease_reasoning_agent | judge_agent,1,outputs/chexpert_plus/batch_first_100/tmp/009_patient00027_study1_view2_lateral_retrieval_results.csv,outputs/chexpert_plus/batch_first_100/tmp/009_patient00027_study1_view2_lateral_disease_reasoning_results.csv,outputs/chexpert_plus/batch_first_100/tmp/009_patient00027_study1_view2_lateral_judge_results.csv,outputs/chexpert_plus/batch_first_100/tmp/009_patient00027_study1_view2_lateral_judge_report.md,
10,patient00031/study1,patient00031/study1/view1_frontal.dcm,completed,pass,complete,quality_gate_agent | retrieval_agent | disease_reasoning_agent | judge_agent,1,outputs/chexpert_plus/batch_first_100/tmp/010_patient00031_study1_view1_frontal_retrieval_results.csv,outputs/chexpert_plus/batch_first_100/tmp/010_patient00031_study1_view1_frontal_disease_reasoning_results.csv,outputs/chexpert_plus/batch_first_100/tmp/010_patient00031_study1_view1_frontal_judge_results.csv,outputs/chexpert_plus/batch_first_100/tmp/010_patient00031_study1_view1_frontal_judge_report.md,
11,patient00031/study3,patient00031/study3/view1_frontal.dcm,completed,pass,complete,quality_gate_agent | retrieval_agent | disease_reasoning_agent | judge_agent,1,outputs/chexpert_plus/batch_first_100/tmp/011_patient00031_study3_view1_frontal_retrieval_results.csv,outputs/chexpert_plus/batch_first_100/tmp/011_patient00031_study3_view1_frontal_disease_reasoning_results.csv,outputs/chexpert_plus/batch_first_100/tmp/011_patient00031_study3_view1_frontal_judge_results.csv,outputs/chexpert_plus/batch_first_100/tmp/011_patient00031_study3_view1_frontal_judge_report.md,
12,patient00031/study2,patient00031/study2/view1_frontal.dcm,completed,pass,complete,quality_gate_agent | retrieval_agent | disease_reasoning_agent | judge_agent,1,outputs/chexpert_plus/batch_first_100/tmp/012_patient00031_study2_view1_frontal_retrieval_results.csv,outputs/chexpert_plus/batch_first_100/tmp/012_patient00031_study2_view1_frontal_disease_reasoning_results.csv,outputs/chexpert_plus/batch_first_100/tmp/012_patient00031_study2_view1_frontal_judge_results.csv,outputs/chexpert_plus/batch_first_100/tmp/012_patient00031_study2_view1_frontal_judge_report.md,
13,patient00034/study1,patient00034/study1/view1_frontal.dcm,completed,review_with_technical_warning,complete,quality_gate_agent | retrieval_agent | disease_reasoning_agent | judge_agent,1,outputs/chexpert_plus/batch_first_100/tmp/013_patient00034_study1_view1_frontal_retrieval_results.csv,outputs/chexpert_plus/batch_first_100/tmp/013_patient00034_study1_view1_frontal_disease_reasoning_results.csv,outputs/chexpert_plus/batch_first_100/tmp/013_patient00034_study1_view1_frontal_judge_results.csv,outputs/chexpert_plus/batch_first_100/tmp/013_patient00034_study1_view1_frontal_judge_report.md,
14,patient00038/study1,patient00038/study1/view1_frontal.dcm,completed,review_with_technical_warning,complete,quality_gate_agent | retrieval_agent | disease_reasoning_agent | judge_agent,1,outputs/chexpert_plus/batch_first_100/tmp/014_patient00038_study1_view1_frontal_retrieval_results.csv,outputs/chexpert_plus/batch_first_100/tmp/014_patient00038_study1_view1_frontal_disease_reasoning_results.csv,outputs/chexpert_plus/batch_first_100/tmp/014_patient00038_study1_view1_frontal_judge_results.csv,outputs/chexpert_plus/batch_first_100/tmp/014_patient00038_study1_view1_frontal_judge_report.md,
15,patient00038/study3,patient00038/study3/view1_frontal.dcm,completed,review_with_technical_warning,complete,quality_gate_agent | retrieval_agent | disease_reasoning_agent | judge_agent,1,outputs/chexpert_plus/batch_first_100/tmp/015_patient00038_study3_view1_frontal_retrieval_results.csv,outputs/chexpert_plus/batch_first_100/tmp/015_patient00038_study3_view1_frontal_disease_reasoning_results.csv,outputs/chexpert_plus/batch_first_100/tmp/015_patient00038_study3_view1_frontal_judge_results.csv,outputs/chexpert_plus/batch_first_100/tmp/015_patient00038_study3_view1_frontal_judge_report.md,
16,patient00044/study7,patient00044/study7/view1_frontal.dcm,completed,review_with_technical_warning,complete,quality_gate_agent | retrieval_agent | disease_reasoning_agent | judge_agent,1,outputs/chexpert_plus/batch_first_100/tmp/016_patient00044_study7_view1_frontal_retrieval_results.csv,outputs/chexpert_plus/batch_first_100/tmp/016_patient00044_study7_view1_frontal_disease_reasoning_results.csv,outputs/chexpert_plus/batch_first_100/tmp/016_patient00044_study7_view1_frontal_judge_results.csv,outputs/chexpert_plus/batch_first_100/tmp/016_patient00044_study7_view1_frontal_judge_report.md,
17,patient00044/study7,patient00044/study7/view2_lateral.dcm,completed,review_with_technical_warning,complete,quality_gate_agent | retrieval_agent | disease_reasoning_agent | judge_agent,1,outputs/chexpert_plus/batch_first_100/tmp/017_patient00044_study7_view2_lateral_retrieval_results.csv,outputs/chexpert_plus/batch_first_100/tmp/017_patient00044_study7_view2_lateral_disease_reasoning_results.csv,outputs/chexpert_plus/batch_first_100/tmp/017_patient00044_study7_view2_lateral_judge_results.csv,outputs/chexpert_plus/batch_first_100/tmp/017_patient00044_study7_view2_lateral_judge_report.md,
18,patient00044/study1,patient00044/study1/view1_frontal.dcm,completed,pass,complete,quality_gate_agent | retrieval_agent | disease_reasoning_agent | judge_agent,1,outputs/chexpert_plus/batch_first_100/tmp/018_patient00044_study1_view1_frontal_retrieval_results.csv,outputs/chexpert_plus/batch_first_100/tmp/018_patient00044_study1_view1_frontal_disease_reasoning_results.csv,outputs/chexpert_plus/batch_first_100/tmp/018_patient00044_study1_view1_frontal_judge_results.csv,outputs/chexpert_plus/batch_first_100/tmp/018_patient00044_study1_view1_frontal_judge_report.md,
19,patient00044/study3,patient00044/study3/view1_frontal.dcm,completed,pass,complete,quality_gate_agent | retrieval_agent | disease_reasoning_agent | judge_agent,1,outputs/chexpert_plus/batch_first_100/tmp/019_patient00044_study3_view1_frontal_retrieval_results.csv,outputs/chexpert_plus/batch_first_100/tmp/019_patient00044_study3_view1_frontal_disease_reasoning_results.csv,outputs/chexpert_plus/batch_first_100/tmp/019_patient00044_study3_view1_frontal_judge_results.csv,outputs/chexpert_plus/batch_first_100/tmp/019_patient00044_study3_view1_frontal_judge_report.md,
20,patient00044/study4,patient00044/study4/view1_frontal.dcm,completed,review_with_technical_warning,complete,quality_gate_agent | retrieval_agent | disease_reasoning_agent | judge_agent,1,outputs/chexpert_plus/batch_first_100/tmp/020_patient00044_study4_view1_frontal_retrieval_results.csv,outputs/chexpert_plus/batch_first_100/tmp/020_patient00044_study4_view1_frontal_disease_reasoning_results.csv,outputs/chexpert_plus/batch_first_100/tmp/020_patient00044_study4_view1_frontal_judge_results.csv,outputs/chexpert_plus/batch_first_100/tmp/020_patient00044_study4_view1_frontal_judge_report.md,
21,patient00044/study2,patient00044/study2/view1_frontal.dcm,completed,pass,complete,quality_gate_agent | retrieval_agent | disease_reasoning_agent | judge_agent,1,outputs/chexpert_plus/batch_first_100/tmp/021_patient00044_study2_view1_frontal_retrieval_results.csv,outputs/chexpert_plus/batch_first_100/tmp/021_patient00044_study2_view1_frontal_disease_reasoning_results.csv,outputs/chexpert_plus/batch_first_100/tmp/021_patient00044_study2_view1_frontal_judge_results.csv,outputs/chexpert_plus/batch_first_100/tmp/021_patient00044_study2_view1_frontal_judge_report.md,
22,patient00044/study5,patient00044/study5/view1_frontal.dcm,completed,pass,complete,quality_gate_agent | retrieval_agent | disease_reasoning_agent | judge_agent,1,outputs/chexpert_plus/batch_first_100/tmp/022_patient00044_study5_view1_frontal_retrieval_results.csv,outputs/chexpert_plus/batch_first_100/tmp/022_patient00044_study5_view1_frontal_disease_reasoning_results.csv,outputs/chexpert_plus/batch_first_100/tmp/022_patient00044_study5_view1_frontal_judge_results.csv,outputs/chexpert_plus/batch_first_100/tmp/022_patient00044_study5_view1_frontal_judge_report.md,
23,patient00045/study1,patient00045/study1/view1_frontal.dcm,completed,review_with_technical_warning,complete,quality_gate_agent | retrieval_agent | disease_reasoning_agent | judge_agent,1,outputs/chexpert_plus/batch_first_100/tmp/023_patient00045_study1_view1_frontal_retrieval_results.csv,outputs/chexpert_plus/batch_first_100/tmp/023_patient00045_study1_view1_frontal_disease_reasoning_results.csv,outputs/chexpert_plus/batch_first_100/tmp/023_patient00045_study1_view1_frontal_judge_results.csv,outputs/chexpert_plus/batch_first_100/tmp/023_patient00045_study1_view1_frontal_judge_report.md,
24,patient00045/study1,patient00045/study1/view2_lateral.dcm,completed,review_with_technical_warning,complete,quality_gate_agent | retrieval_agent | disease_reasoning_agent | judge_agent,1,outputs/chexpert_plus/batch_first_100/tmp/024_patient00045_study1_view2_lateral_retrieval_results.csv,outputs/chexpert_plus/batch_first_100/tmp/024_patient00045_study1_view2_lateral_disease_reasoning_results.csv,outputs/chexpert_plus/batch_first_100/tmp/024_patient00045_study1_view2_lateral_judge_results.csv,outputs/chexpert_plus/batch_first_100/tmp/024_patient00045_study1_view2_lateral_judge_report.md,
25,patient00048/study1,patient00048/study1/view1_frontal.dcm,completed,review_with_technical_warning,complete,quality_gate_agent | retrieval_agent | disease_reasoning_agent | judge_agent,1,outputs/chexpert_plus/batch_first_100/tmp/025_patient00048_study1_view1_frontal_retrieval_results.csv,outputs/chexpert_plus/batch_first_100/tmp/025_patient00048_study1_view1_frontal_disease_reasoning_results.csv,outputs/chexpert_plus/batch_first_100/tmp/025_patient00048_study1_view1_frontal_judge_results.csv,outputs/chexpert_plus/batch_first_100/tmp/025_patient00048_study1_view1_frontal_judge_report.md,
26,patient00049/study2,patient00049/study2/view1_frontal.dcm,completed,review_with_technical_warning,complete,quality_gate_agent | retrieval_agent | disease_reasoning_agent | judge_agent,1,outputs/chexpert_plus/batch_first_100/tmp/026_patient00049_study2_view1_frontal_retrieval_results.csv,outputs/chexpert_plus/batch_first_100/tmp/026_patient00049_study2_view1_frontal_disease_reasoning_results.csv,outputs/chexpert_plus/batch_first_100/tmp/026_patient00049_study2_view1_frontal_judge_results.csv,outputs/chexpert_plus/batch_first_100/tmp/026_patient00049_study2_view1_frontal_judge_report.md,
27,patient00049/study1,patient00049/study1/view1_frontal.dcm,completed,pass,complete,quality_gate_agent | retrieval_agent | disease_reasoning_agent | judge_agent,1,outputs/chexpert_plus/batch_first_100/tmp/027_patient00049_study1_view1_frontal_retrieval_results.csv,outputs/chexpert_plus/batch_first_100/tmp/027_patient00049_study1_view1_frontal_disease_reasoning_results.csv,outputs/chexpert_plus/batch_first_100/tmp/027_patient00049_study1_view1_frontal_judge_results.csv,outputs/chexpert_plus/batch_first_100/tmp/027_patient00049_study1_view1_frontal_judge_report.md,
28,patient00055/study2,patient00055/study2/view1_frontal.dcm,completed,review_with_technical_warning,complete,quality_gate_agent | retrieval_agent | disease_reasoning_agent | judge_agent,1,outputs/chexpert_plus/batch_first_100/tmp/028_patient00055_study2_view1_frontal_retrieval_results.csv,outputs/chexpert_plus/batch_first_100/tmp/028_patient00055_study2_view1_frontal_disease_reasoning_results.csv,outputs/chexpert_plus/batch_first_100/tmp/028_patient00055_study2_view1_frontal_judge_results.csv,outputs/chexpert_plus/batch_first_100/tmp/028_patient00055_study2_view1_frontal_judge_report.md,
29,patient00055/study2,patient00055/study2/view2_lateral.dcm,completed,review_with_technical_warning,complete,quality_gate_agent | retrieval_agent | disease_reasoning_agent | judge_agent,1,outputs/chexpert_plus/batch_first_100/tmp/029_patient00055_study2_view2_lateral_retrieval_results.csv,outputs/chexpert_plus/batch_first_100/tmp/029_patient00055_study2_view2_lateral_disease_reasoning_results.csv,outputs/chexpert_plus/batch_first_100/tmp/029_patient00055_study2_view2_lateral_judge_results.csv,outputs/chexpert_plus/batch_first_100/tmp/029_patient00055_study2_view2_lateral_judge_report.md,
30,patient00055/study3,patient00055/study3/view1_frontal.dcm,completed,pass,complete,quality_gate_agent | retrieval_agent | disease_reasoning_agent | judge_agent,1,outputs/chexpert_plus/batch_first_100/tmp/030_patient00055_study3_view1_frontal_retrieval_results.csv,outputs/chexpert_plus/batch_first_100/tmp/030_patient00055_study3_view1_frontal_disease_reasoning_results.csv,outputs/chexpert_plus/batch_first_100/tmp/030_patient00055_study3_view1_frontal_judge_results.csv,outputs/chexpert_plus/batch_first_100/tmp/030_patient00055_study3_view1_frontal_judge_report.md,
31,patient00055/study1,patient00055/study1/view1_frontal.dcm,completed,pass,complete,quality_gate_agent | retrieval_agent | disease_reasoning_agent | judge_agent,1,outputs/chexpert_plus/batch_first_100/tmp/031_patient00055_study1_view1_frontal_retrieval_results.csv,outputs/chexpert_plus/batch_first_100/tmp/031_patient00055_study1_view1_frontal_disease_reasoning_results.csv,outputs/chexpert_plus/batch_first_100/tmp/031_patient00055_study1_view1_frontal_judge_results.csv,outputs/chexpert_plus/batch_first_100/tmp/031_patient00055_study1_view1_frontal_judge_report.md,
32,patient00058/study1,patient00058/study1/view1_frontal.dcm,completed,review_with_technical_warning,complete,quality_gate_agent | retrieval_agent | disease_reasoning_agent | judge_agent,1,outputs/chexpert_plus/batch_first_100/tmp/032_patient00058_study1_view1_frontal_retrieval_results.csv,outputs/chexpert_plus/batch_first_100/tmp/032_patient00058_study1_view1_frontal_disease_reasoning_results.csv,outputs/chexpert_plus/batch_first_100/tmp/032_patient00058_study1_view1_frontal_judge_results.csv,outputs/chexpert_plus/batch_first_100/tmp/032_patient00058_study1_view1_frontal_judge_report.md,
33,patient00058/study1,patient00058/study1/view2_lateral.dcm,completed,review_with_technical_warning,complete,quality_gate_agent | retrieval_agent | disease_reasoning_agent | judge_agent,1,outputs/chexpert_plus/batch_first_100/tmp/033_patient00058_study1_view2_lateral_retrieval_results.csv,outputs/chexpert_plus/batch_first_100/tmp/033_patient00058_study1_view2_lateral_disease_reasoning_results.csv,outputs/chexpert_plus/batch_first_100/tmp/033_patient00058_study1_view2_lateral_judge_results.csv,outputs/chexpert_plus/batch_first_100/tmp/033_patient00058_study1_view2_lateral_judge_report.md,
34,patient00064/study1,patient00064/study1/view1_frontal.dcm,completed,pass,complete,quality_gate_agent | retrieval_agent | disease_reasoning_agent | judge_agent,1,outputs/chexpert_plus/batch_first_100/tmp/034_patient00064_study1_view1_frontal_retrieval_results.csv,outputs/chexpert_plus/batch_first_100/tmp/034_patient00064_study1_view1_frontal_disease_reasoning_results.csv,outputs/chexpert_plus/batch_first_100/tmp/034_patient00064_study1_view1_frontal_judge_results.csv,outputs/chexpert_plus/batch_first_100/tmp/034_patient00064_study1_view1_frontal_judge_report.md,
35,patient00067/study4,patient00067/study4/view1_frontal.dcm,completed,pass,complete,quality_gate_agent | retrieval_agent | disease_reasoning_agent | judge_agent,1,outputs/chexpert_plus/batch_first_100/tmp/035_patient00067_study4_view1_frontal_retrieval_results.csv,outputs/chexpert_plus/batch_first_100/tmp/035_patient00067_study4_view1_frontal_disease_reasoning_results.csv,outputs/chexpert_plus/batch_first_100/tmp/035_patient00067_study4_view1_frontal_judge_results.csv,outputs/chexpert_plus/batch_first_100/tmp/035_patient00067_study4_view1_frontal_judge_report.md,
36,patient00067/study3,patient00067/study3/view1_frontal.dcm,completed,pass,complete,quality_gate_agent | retrieval_agent | disease_reasoning_agent | judge_agent,1,outputs/chexpert_plus/batch_first_100/tmp/036_patient00067_study3_view1_frontal_retrieval_results.csv,outputs/chexpert_plus/batch_first_100/tmp/036_patient00067_study3_view1_frontal_disease_reasoning_results.csv,outputs/chexpert_plus/batch_first_100/tmp/036_patient00067_study3_view1_frontal_judge_results.csv,outputs/chexpert_plus/batch_first_100/tmp/036_patient00067_study3_view1_frontal_judge_report.md,
37,patient00067/study1,patient00067/study1/view1_frontal.dcm,completed,pass,complete,quality_gate_agent | retrieval_agent | disease_reasoning_agent | judge_agent,1,outputs/chexpert_plus/batch_first_100/tmp/037_patient00067_study1_view1_frontal_retrieval_results.csv,outputs/chexpert_plus/batch_first_100/tmp/037_patient00067_study1_view1_frontal_disease_reasoning_results.csv,outputs/chexpert_plus/batch_first_100/tmp/037_patient00067_study1_view1_frontal_judge_results.csv,outputs/chexpert_plus/batch_first_100/tmp/037_patient00067_study1_view1_frontal_judge_report.md,
38,patient00067/study2,patient00067/study2/view1_frontal.dcm,completed,pass,complete,quality_gate_agent | retrieval_agent | disease_reasoning_agent | judge_agent,1,outputs/chexpert_plus/batch_first_100/tmp/038_patient00067_study2_view1_frontal_retrieval_results.csv,outputs/chexpert_plus/batch_first_100/tmp/038_patient00067_study2_view1_frontal_disease_reasoning_results.csv,outputs/chexpert_plus/batch_first_100/tmp/038_patient00067_study2_view1_frontal_judge_results.csv,outputs/chexpert_plus/batch_first_100/tmp/038_patient00067_study2_view1_frontal_judge_report.md,
39,patient00068/study1,patient00068/study1/view1_frontal.dcm,completed,pass,complete,quality_gate_agent | retrieval_agent | disease_reasoning_agent | judge_agent,1,outputs/chexpert_plus/batch_first_100/tmp/039_patient00068_study1_view1_frontal_retrieval_results.csv,outputs/chexpert_plus/batch_first_100/tmp/039_patient00068_study1_view1_frontal_disease_reasoning_results.csv,outputs/chexpert_plus/batch_first_100/tmp/039_patient00068_study1_view1_frontal_judge_results.csv,outputs/chexpert_plus/batch_first_100/tmp/039_patient00068_study1_view1_frontal_judge_report.md,
40,patient00070/study1,patient00070/study1/view1_frontal.dcm,completed,review_with_technical_warning,complete,quality_gate_agent | retrieval_agent | disease_reasoning_agent | judge_agent,1,outputs/chexpert_plus/batch_first_100/tmp/040_patient00070_study1_view1_frontal_retrieval_results.csv,outputs/chexpert_plus/batch_first_100/tmp/040_patient00070_study1_view1_frontal_disease_reasoning_results.csv,outputs/chexpert_plus/batch_first_100/tmp/040_patient00070_study1_view1_frontal_judge_results.csv,outputs/chexpert_plus/batch_first_100/tmp/040_patient00070_study1_view1_frontal_judge_report.md,
41,patient00076/study1,patient00076/study1/view1_frontal.dcm,completed,pass,complete,quality_gate_agent | retrieval_agent | disease_reasoning_agent | judge_agent,1,outputs/chexpert_plus/batch_first_100/tmp/041_patient00076_study1_view1_frontal_retrieval_results.csv,outputs/chexpert_plus/batch_first_100/tmp/041_patient00076_study1_view1_frontal_disease_reasoning_results.csv,outputs/chexpert_plus/batch_first_100/tmp/041_patient00076_study1_view1_frontal_judge_results.csv,outputs/chexpert_plus/batch_first_100/tmp/041_patient00076_study1_view1_frontal_judge_report.md,
42,patient00078/study6,patient00078/study6/view1_frontal.dcm,completed,pass,complete,quality_gate_agent | retrieval_agent | disease_reasoning_agent | judge_agent,1,outputs/chexpert_plus/batch_first_100/tmp/042_patient00078_study6_view1_frontal_retrieval_results.csv,outputs/chexpert_plus/batch_first_100/tmp/042_patient00078_study6_view1_frontal_disease_reasoning_results.csv,outputs/chexpert_plus/batch_first_100/tmp/042_patient00078_study6_view1_frontal_judge_results.csv,outputs/chexpert_plus/batch_first_100/tmp/042_patient00078_study6_view1_frontal_judge_report.md,
43,patient00078/study7,patient00078/study7/view1_frontal.dcm,completed,pass,complete,quality_gate_agent | retrieval_agent | disease_reasoning_agent | judge_agent,1,outputs/chexpert_plus/batch_first_100/tmp/043_patient00078_study7_view1_frontal_retrieval_results.csv,outputs/chexpert_plus/batch_first_100/tmp/043_patient00078_study7_view1_frontal_disease_reasoning_results.csv,outputs/chexpert_plus/batch_first_100/tmp/043_patient00078_study7_view1_frontal_judge_results.csv,outputs/chexpert_plus/batch_first_100/tmp/043_patient00078_study7_view1_frontal_judge_report.md,
44,patient00078/study9,patient00078/study9/view1_frontal.dcm,completed,pass,complete,quality_gate_agent | retrieval_agent | disease_reasoning_agent | judge_agent,1,outputs/chexpert_plus/batch_first_100/tmp/044_patient00078_study9_view1_frontal_retrieval_results.csv,outputs/chexpert_plus/batch_first_100/tmp/044_patient00078_study9_view1_frontal_disease_reasoning_results.csv,outputs/chexpert_plus/batch_first_100/tmp/044_patient00078_study9_view1_frontal_judge_results.csv,outputs/chexpert_plus/batch_first_100/tmp/044_patient00078_study9_view1_frontal_judge_report.md,
45,patient00078/study5,patient00078/study5/view1_frontal.dcm,completed,pass,complete,quality_gate_agent | retrieval_agent | disease_reasoning_agent | judge_agent,1,outputs/chexpert_plus/batch_first_100/tmp/045_patient00078_study5_view1_frontal_retrieval_results.csv,outputs/chexpert_plus/batch_first_100/tmp/045_patient00078_study5_view1_frontal_disease_reasoning_results.csv,outputs/chexpert_plus/batch_first_100/tmp/045_patient00078_study5_view1_frontal_judge_results.csv,outputs/chexpert_plus/batch_first_100/tmp/045_patient00078_study5_view1_frontal_judge_report.md,
46,patient00078/study4,patient00078/study4/view1_frontal.dcm,completed,pass,complete,quality_gate_agent | retrieval_agent | disease_reasoning_agent | judge_agent,1,outputs/chexpert_plus/batch_first_100/tmp/046_patient00078_study4_view1_frontal_retrieval_results.csv,outputs/chexpert_plus/batch_first_100/tmp/046_patient00078_study4_view1_frontal_disease_reasoning_results.csv,outputs/chexpert_plus/batch_first_100/tmp/046_patient00078_study4_view1_frontal_judge_results.csv,outputs/chexpert_plus/batch_first_100/tmp/046_patient00078_study4_view1_frontal_judge_report.md,
47,patient00078/study1,patient00078/study1/view1_frontal.dcm,completed,pass,complete,quality_gate_agent | retrieval_agent | disease_reasoning_agent | judge_agent,1,outputs/chexpert_plus/batch_first_100/tmp/047_patient00078_study1_view1_frontal_retrieval_results.csv,outputs/chexpert_plus/batch_first_100/tmp/047_patient00078_study1_view1_frontal_disease_reasoning_results.csv,outputs/chexpert_plus/batch_first_100/tmp/047_patient00078_study1_view1_frontal_judge_results.csv,outputs/chexpert_plus/batch_first_100/tmp/047_patient00078_study1_view1_frontal_judge_report.md,
48,patient00078/study8,patient00078/study8/view1_frontal.dcm,completed,review_with_technical_warning,complete,quality_gate_agent | retrieval_agent | disease_reasoning_agent | judge_agent,1,outputs/chexpert_plus/batch_first_100/tmp/048_patient00078_study8_view1_frontal_retrieval_results.csv,outputs/chexpert_plus/batch_first_100/tmp/048_patient00078_study8_view1_frontal_disease_reasoning_results.csv,outputs/chexpert_plus/batch_first_100/tmp/048_patient00078_study8_view1_frontal_judge_results.csv,outputs/chexpert_plus/batch_first_100/tmp/048_patient00078_study8_view1_frontal_judge_report.md,
49,patient00078/study3,patient00078/study3/view1_frontal.dcm,completed,pass,complete,quality_gate_agent | retrieval_agent | disease_reasoning_agent | judge_agent,1,outputs/chexpert_plus/batch_first_100/tmp/049_patient00078_study3_view1_frontal_retrieval_results.csv,outputs/chexpert_plus/batch_first_100/tmp/049_patient00078_study3_view1_frontal_disease_reasoning_results.csv,outputs/chexpert_plus/batch_first_100/tmp/049_patient00078_study3_view1_frontal_judge_results.csv,outputs/chexpert_plus/batch_first_100/tmp/049_patient00078_study3_view1_frontal_judge_report.md,
50,patient00078/study2,patient00078/study2/view1_frontal.dcm,completed,review_with_technical_warning,complete,quality_gate_agent | retrieval_agent | disease_reasoning_agent | judge_agent,1,outputs/chexpert_plus/batch_first_100/tmp/050_patient00078_study2_view1_frontal_retrieval_results.csv,outputs/chexpert_plus/batch_first_100/tmp/050_patient00078_study2_view1_frontal_disease_reasoning_results.csv,outputs/chexpert_plus/batch_first_100/tmp/050_patient00078_study2_view1_frontal_judge_results.csv,outputs/chexpert_plus/batch_first_100/tmp/050_patient00078_study2_view1_frontal_judge_report.md,
51,patient00087/study3,patient00087/study3/view1_frontal.dcm,completed,review_with_technical_warning,complete,quality_gate_agent | retrieval_agent | disease_reasoning_agent | judge_agent,1,outputs/chexpert_plus/batch_first_100/tmp/051_patient00087_study3_view1_frontal_retrieval_results.csv,outputs/chexpert_plus/batch_first_100/tmp/051_patient00087_study3_view1_frontal_disease_reasoning_results.csv,outputs/chexpert_plus/batch_first_100/tmp/051_patient00087_study3_view1_frontal_judge_results.csv,outputs/chexpert_plus/batch_first_100/tmp/051_patient00087_study3_view1_frontal_judge_report.md,
52,patient00087/study3,patient00087/study3/view2_frontal.dcm,completed,review_with_technical_warning,complete,quality_gate_agent | retrieval_agent | disease_reasoning_agent | judge_agent,1,outputs/chexpert_plus/batch_first_100/tmp/052_patient00087_study3_view2_frontal_retrieval_results.csv,outputs/chexpert_plus/batch_first_100/tmp/052_patient00087_study3_view2_frontal_disease_reasoning_results.csv,outputs/chexpert_plus/batch_first_100/tmp/052_patient00087_study3_view2_frontal_judge_results.csv,outputs/chexpert_plus/batch_first_100/tmp/052_patient00087_study3_view2_frontal_judge_report.md,
53,patient00087/study3,patient00087/study3/view3_lateral.dcm,completed,review_with_technical_warning,complete,quality_gate_agent | retrieval_agent | disease_reasoning_agent | judge_agent,1,outputs/chexpert_plus/batch_first_100/tmp/053_patient00087_study3_view3_lateral_retrieval_results.csv,outputs/chexpert_plus/batch_first_100/tmp/053_patient00087_study3_view3_lateral_disease_reasoning_results.csv,outputs/chexpert_plus/batch_first_100/tmp/053_patient00087_study3_view3_lateral_judge_results.csv,outputs/chexpert_plus/batch_first_100/tmp/053_patient00087_study3_view3_lateral_judge_report.md,
54,patient00087/study1,patient00087/study1/view1_frontal.dcm,completed,pass,complete,quality_gate_agent | retrieval_agent | disease_reasoning_agent | judge_agent,1,outputs/chexpert_plus/batch_first_100/tmp/054_patient00087_study1_view1_frontal_retrieval_results.csv,outputs/chexpert_plus/batch_first_100/tmp/054_patient00087_study1_view1_frontal_disease_reasoning_results.csv,outputs/chexpert_plus/batch_first_100/tmp/054_patient00087_study1_view1_frontal_judge_results.csv,outputs/chexpert_plus/batch_first_100/tmp/054_patient00087_study1_view1_frontal_judge_report.md,
55,patient00087/study2,patient00087/study2/view1_frontal.dcm,completed,pass,complete,quality_gate_agent | retrieval_agent | disease_reasoning_agent | judge_agent,1,outputs/chexpert_plus/batch_first_100/tmp/055_patient00087_study2_view1_frontal_retrieval_results.csv,outputs/chexpert_plus/batch_first_100/tmp/055_patient00087_study2_view1_frontal_disease_reasoning_results.csv,outputs/chexpert_plus/batch_first_100/tmp/055_patient00087_study2_view1_frontal_judge_results.csv,outputs/chexpert_plus/batch_first_100/tmp/055_patient00087_study2_view1_frontal_judge_report.md,
56,patient00095/study1,patient00095/study1/view1_frontal.dcm,completed,pass,complete,quality_gate_agent | retrieval_agent | disease_reasoning_agent | judge_agent,1,outputs/chexpert_plus/batch_first_100/tmp/056_patient00095_study1_view1_frontal_retrieval_results.csv,outputs/chexpert_plus/batch_first_100/tmp/056_patient00095_study1_view1_frontal_disease_reasoning_results.csv,outputs/chexpert_plus/batch_first_100/tmp/056_patient00095_study1_view1_frontal_judge_results.csv,outputs/chexpert_plus/batch_first_100/tmp/056_patient00095_study1_view1_frontal_judge_report.md,
57,patient00096/study1,patient00096/study1/view1_frontal.dcm,completed,review_with_technical_warning,complete,quality_gate_agent | retrieval_agent | disease_reasoning_agent | judge_agent,1,outputs/chexpert_plus/batch_first_100/tmp/057_patient00096_study1_view1_frontal_retrieval_results.csv,outputs/chexpert_plus/batch_first_100/tmp/057_patient00096_study1_view1_frontal_disease_reasoning_results.csv,outputs/chexpert_plus/batch_first_100/tmp/057_patient00096_study1_view1_frontal_judge_results.csv,outputs/chexpert_plus/batch_first_100/tmp/057_patient00096_study1_view1_frontal_judge_report.md,
58,patient00096/study1,patient00096/study1/view2_lateral.dcm,completed,review_with_technical_warning,complete,quality_gate_agent | retrieval_agent | disease_reasoning_agent | judge_agent,1,outputs/chexpert_plus/batch_first_100/tmp/058_patient00096_study1_view2_lateral_retrieval_results.csv,outputs/chexpert_plus/batch_first_100/tmp/058_patient00096_study1_view2_lateral_disease_reasoning_results.csv,outputs/chexpert_plus/batch_first_100/tmp/058_patient00096_study1_view2_lateral_judge_results.csv,outputs/chexpert_plus/batch_first_100/tmp/058_patient00096_study1_view2_lateral_judge_report.md,
59,patient00096/study2,patient00096/study2/view1_frontal.dcm,completed,pass,complete,quality_gate_agent | retrieval_agent | disease_reasoning_agent | judge_agent,1,outputs/chexpert_plus/batch_first_100/tmp/059_patient00096_study2_view1_frontal_retrieval_results.csv,outputs/chexpert_plus/batch_first_100/tmp/059_patient00096_study2_view1_frontal_disease_reasoning_results.csv,outputs/chexpert_plus/batch_first_100/tmp/059_patient00096_study2_view1_frontal_judge_results.csv,outputs/chexpert_plus/batch_first_100/tmp/059_patient00096_study2_view1_frontal_judge_report.md,
60,patient00102/study1,patient00102/study1/view1_frontal.dcm,completed,pass,complete,quality_gate_agent | retrieval_agent | disease_reasoning_agent | judge_agent,1,outputs/chexpert_plus/batch_first_100/tmp/060_patient00102_study1_view1_frontal_retrieval_results.csv,outputs/chexpert_plus/batch_first_100/tmp/060_patient00102_study1_view1_frontal_disease_reasoning_results.csv,outputs/chexpert_plus/batch_first_100/tmp/060_patient00102_study1_view1_frontal_judge_results.csv,outputs/chexpert_plus/batch_first_100/tmp/060_patient00102_study1_view1_frontal_judge_report.md,
61,patient00102/study3,patient00102/study3/view1_frontal.dcm,completed,review_with_technical_warning,complete,quality_gate_agent | retrieval_agent | disease_reasoning_agent | judge_agent,1,outputs/chexpert_plus/batch_first_100/tmp/061_patient00102_study3_view1_frontal_retrieval_results.csv,outputs/chexpert_plus/batch_first_100/tmp/061_patient00102_study3_view1_frontal_disease_reasoning_results.csv,outputs/chexpert_plus/batch_first_100/tmp/061_patient00102_study3_view1_frontal_judge_results.csv,outputs/chexpert_plus/batch_first_100/tmp/061_patient00102_study3_view1_frontal_judge_report.md,
62,patient00102/study2,patient00102/study2/view1_frontal.dcm,completed,pass,complete,quality_gate_agent | retrieval_agent | disease_reasoning_agent | judge_agent,1,outputs/chexpert_plus/batch_first_100/tmp/062_patient00102_study2_view1_frontal_retrieval_results.csv,outputs/chexpert_plus/batch_first_100/tmp/062_patient00102_study2_view1_frontal_disease_reasoning_results.csv,outputs/chexpert_plus/batch_first_100/tmp/062_patient00102_study2_view1_frontal_judge_results.csv,outputs/chexpert_plus/batch_first_100/tmp/062_patient00102_study2_view1_frontal_judge_report.md,
63,patient00107/study1,patient00107/study1/view1_frontal.dcm,completed,pass,complete,quality_gate_agent | retrieval_agent | disease_reasoning_agent | judge_agent,1,outputs/chexpert_plus/batch_first_100/tmp/063_patient00107_study1_view1_frontal_retrieval_results.csv,outputs/chexpert_plus/batch_first_100/tmp/063_patient00107_study1_view1_frontal_disease_reasoning_results.csv,outputs/chexpert_plus/batch_first_100/tmp/063_patient00107_study1_view1_frontal_judge_results.csv,outputs/chexpert_plus/batch_first_100/tmp/063_patient00107_study1_view1_frontal_judge_report.md,
64,patient00113/study1,patient00113/study1/view1_frontal.dcm,completed,pass,complete,quality_gate_agent | retrieval_agent | disease_reasoning_agent | judge_agent,1,outputs/chexpert_plus/batch_first_100/tmp/064_patient00113_study1_view1_frontal_retrieval_results.csv,outputs/chexpert_plus/batch_first_100/tmp/064_patient00113_study1_view1_frontal_disease_reasoning_results.csv,outputs/chexpert_plus/batch_first_100/tmp/064_patient00113_study1_view1_frontal_judge_results.csv,outputs/chexpert_plus/batch_first_100/tmp/064_patient00113_study1_view1_frontal_judge_report.md,
65,patient00113/study2,patient00113/study2/view1_frontal.dcm,completed,pass,complete,quality_gate_agent | retrieval_agent | disease_reasoning_agent | judge_agent,1,outputs/chexpert_plus/batch_first_100/tmp/065_patient00113_study2_view1_frontal_retrieval_results.csv,outputs/chexpert_plus/batch_first_100/tmp/065_patient00113_study2_view1_frontal_disease_reasoning_results.csv,outputs/chexpert_plus/batch_first_100/tmp/065_patient00113_study2_view1_frontal_judge_results.csv,outputs/chexpert_plus/batch_first_100/tmp/065_patient00113_study2_view1_frontal_judge_report.md,
66,patient00114/study5,patient00114/study5/view1_frontal.dcm,completed,pass,complete,quality_gate_agent | retrieval_agent | disease_reasoning_agent | judge_agent,1,outputs/chexpert_plus/batch_first_100/tmp/066_patient00114_study5_view1_frontal_retrieval_results.csv,outputs/chexpert_plus/batch_first_100/tmp/066_patient00114_study5_view1_frontal_disease_reasoning_results.csv,outputs/chexpert_plus/batch_first_100/tmp/066_patient00114_study5_view1_frontal_judge_results.csv,outputs/chexpert_plus/batch_first_100/tmp/066_patient00114_study5_view1_frontal_judge_report.md,
67,patient00114/study10,patient00114/study10/view1_frontal.dcm,completed,pass,complete,quality_gate_agent | retrieval_agent | disease_reasoning_agent | judge_agent,1,outputs/chexpert_plus/batch_first_100/tmp/067_patient00114_study10_view1_frontal_retrieval_results.csv,outputs/chexpert_plus/batch_first_100/tmp/067_patient00114_study10_view1_frontal_disease_reasoning_results.csv,outputs/chexpert_plus/batch_first_100/tmp/067_patient00114_study10_view1_frontal_judge_results.csv,outputs/chexpert_plus/batch_first_100/tmp/067_patient00114_study10_view1_frontal_judge_report.md,
68,patient00114/study15,patient00114/study15/view1_frontal.dcm,completed,pass,complete,quality_gate_agent | retrieval_agent | disease_reasoning_agent | judge_agent,1,outputs/chexpert_plus/batch_first_100/tmp/068_patient00114_study15_view1_frontal_retrieval_results.csv,outputs/chexpert_plus/batch_first_100/tmp/068_patient00114_study15_view1_frontal_disease_reasoning_results.csv,outputs/chexpert_plus/batch_first_100/tmp/068_patient00114_study15_view1_frontal_judge_results.csv,outputs/chexpert_plus/batch_first_100/tmp/068_patient00114_study15_view1_frontal_judge_report.md,
69,patient00114/study16,patient00114/study16/view1_frontal.dcm,completed,pass,complete,quality_gate_agent | retrieval_agent | disease_reasoning_agent | judge_agent,1,outputs/chexpert_plus/batch_first_100/tmp/069_patient00114_study16_view1_frontal_retrieval_results.csv,outputs/chexpert_plus/batch_first_100/tmp/069_patient00114_study16_view1_frontal_disease_reasoning_results.csv,outputs/chexpert_plus/batch_first_100/tmp/069_patient00114_study16_view1_frontal_judge_results.csv,outputs/chexpert_plus/batch_first_100/tmp/069_patient00114_study16_view1_frontal_judge_report.md,
70,patient00114/study20,patient00114/study20/view1_frontal.dcm,completed,pass,complete,quality_gate_agent | retrieval_agent | disease_reasoning_agent | judge_agent,1,outputs/chexpert_plus/batch_first_100/tmp/070_patient00114_study20_view1_frontal_retrieval_results.csv,outputs/chexpert_plus/batch_first_100/tmp/070_patient00114_study20_view1_frontal_disease_reasoning_results.csv,outputs/chexpert_plus/batch_first_100/tmp/070_patient00114_study20_view1_frontal_judge_results.csv,outputs/chexpert_plus/batch_first_100/tmp/070_patient00114_study20_view1_frontal_judge_report.md,
71,patient00114/study3,patient00114/study3/view1_frontal.dcm,completed,pass,complete,quality_gate_agent | retrieval_agent | disease_reasoning_agent | judge_agent,1,outputs/chexpert_plus/batch_first_100/tmp/071_patient00114_study3_view1_frontal_retrieval_results.csv,outputs/chexpert_plus/batch_first_100/tmp/071_patient00114_study3_view1_frontal_disease_reasoning_results.csv,outputs/chexpert_plus/batch_first_100/tmp/071_patient00114_study3_view1_frontal_judge_results.csv,outputs/chexpert_plus/batch_first_100/tmp/071_patient00114_study3_view1_frontal_judge_report.md,
72,patient00114/study17,patient00114/study17/view1_frontal.dcm,completed,review_with_technical_warning,complete,quality_gate_agent | retrieval_agent | disease_reasoning_agent | judge_agent,1,outputs/chexpert_plus/batch_first_100/tmp/072_patient00114_study17_view1_frontal_retrieval_results.csv,outputs/chexpert_plus/batch_first_100/tmp/072_patient00114_study17_view1_frontal_disease_reasoning_results.csv,outputs/chexpert_plus/batch_first_100/tmp/072_patient00114_study17_view1_frontal_judge_results.csv,outputs/chexpert_plus/batch_first_100/tmp/072_patient00114_study17_view1_frontal_judge_report.md,
73,patient00114/study13,patient00114/study13/view1_frontal.dcm,completed,pass,complete,quality_gate_agent | retrieval_agent | disease_reasoning_agent | judge_agent,1,outputs/chexpert_plus/batch_first_100/tmp/073_patient00114_study13_view1_frontal_retrieval_results.csv,outputs/chexpert_plus/batch_first_100/tmp/073_patient00114_study13_view1_frontal_disease_reasoning_results.csv,outputs/chexpert_plus/batch_first_100/tmp/073_patient00114_study13_view1_frontal_judge_results.csv,outputs/chexpert_plus/batch_first_100/tmp/073_patient00114_study13_view1_frontal_judge_report.md,
74,patient00114/study19,patient00114/study19/view1_frontal.dcm,completed,pass,complete,quality_gate_agent | retrieval_agent | disease_reasoning_agent | judge_agent,1,outputs/chexpert_plus/batch_first_100/tmp/074_patient00114_study19_view1_frontal_retrieval_results.csv,outputs/chexpert_plus/batch_first_100/tmp/074_patient00114_study19_view1_frontal_disease_reasoning_results.csv,outputs/chexpert_plus/batch_first_100/tmp/074_patient00114_study19_view1_frontal_judge_results.csv,outputs/chexpert_plus/batch_first_100/tmp/074_patient00114_study19_view1_frontal_judge_report.md,
75,patient00114/study7,patient00114/study7/view1_frontal.dcm,completed,pass,complete,quality_gate_agent | retrieval_agent | disease_reasoning_agent | judge_agent,1,outputs/chexpert_plus/batch_first_100/tmp/075_patient00114_study7_view1_frontal_retrieval_results.csv,outputs/chexpert_plus/batch_first_100/tmp/075_patient00114_study7_view1_frontal_disease_reasoning_results.csv,outputs/chexpert_plus/batch_first_100/tmp/075_patient00114_study7_view1_frontal_judge_results.csv,outputs/chexpert_plus/batch_first_100/tmp/075_patient00114_study7_view1_frontal_judge_report.md,
76,patient00114/study2,patient00114/study2/view1_frontal.dcm,completed,pass,complete,quality_gate_agent | retrieval_agent | disease_reasoning_agent | judge_agent,1,outputs/chexpert_plus/batch_first_100/tmp/076_patient00114_study2_view1_frontal_retrieval_results.csv,outputs/chexpert_plus/batch_first_100/tmp/076_patient00114_study2_view1_frontal_disease_reasoning_results.csv,outputs/chexpert_plus/batch_first_100/tmp/076_patient00114_study2_view1_frontal_judge_results.csv,outputs/chexpert_plus/batch_first_100/tmp/076_patient00114_study2_view1_frontal_judge_report.md,
77,patient00114/study12,patient00114/study12/view1_frontal.dcm,completed,pass,complete,quality_gate_agent | retrieval_agent | disease_reasoning_agent | judge_agent,1,outputs/chexpert_plus/batch_first_100/tmp/077_patient00114_study12_view1_frontal_retrieval_results.csv,outputs/chexpert_plus/batch_first_100/tmp/077_patient00114_study12_view1_frontal_disease_reasoning_results.csv,outputs/chexpert_plus/batch_first_100/tmp/077_patient00114_study12_view1_frontal_judge_results.csv,outputs/chexpert_plus/batch_first_100/tmp/077_patient00114_study12_view1_frontal_judge_report.md,
78,patient00114/study9,patient00114/study9/view1_frontal.dcm,completed,pass,complete,quality_gate_agent | retrieval_agent | disease_reasoning_agent | judge_agent,1,outputs/chexpert_plus/batch_first_100/tmp/078_patient00114_study9_view1_frontal_retrieval_results.csv,outputs/chexpert_plus/batch_first_100/tmp/078_patient00114_study9_view1_frontal_disease_reasoning_results.csv,outputs/chexpert_plus/batch_first_100/tmp/078_patient00114_study9_view1_frontal_judge_results.csv,outputs/chexpert_plus/batch_first_100/tmp/078_patient00114_study9_view1_frontal_judge_report.md,
79,patient00114/study1,patient00114/study1/view1_frontal.dcm,completed,pass,complete,quality_gate_agent | retrieval_agent | disease_reasoning_agent | judge_agent,1,outputs/chexpert_plus/batch_first_100/tmp/079_patient00114_study1_view1_frontal_retrieval_results.csv,outputs/chexpert_plus/batch_first_100/tmp/079_patient00114_study1_view1_frontal_disease_reasoning_results.csv,outputs/chexpert_plus/batch_first_100/tmp/079_patient00114_study1_view1_frontal_judge_results.csv,outputs/chexpert_plus/batch_first_100/tmp/079_patient00114_study1_view1_frontal_judge_report.md,
80,patient00114/study6,patient00114/study6/view1_frontal.dcm,completed,pass,complete,quality_gate_agent | retrieval_agent | disease_reasoning_agent | judge_agent,1,outputs/chexpert_plus/batch_first_100/tmp/080_patient00114_study6_view1_frontal_retrieval_results.csv,outputs/chexpert_plus/batch_first_100/tmp/080_patient00114_study6_view1_frontal_disease_reasoning_results.csv,outputs/chexpert_plus/batch_first_100/tmp/080_patient00114_study6_view1_frontal_judge_results.csv,outputs/chexpert_plus/batch_first_100/tmp/080_patient00114_study6_view1_frontal_judge_report.md,
81,patient00114/study18,patient00114/study18/view1_frontal.dcm,completed,pass,complete,quality_gate_agent | retrieval_agent | disease_reasoning_agent | judge_agent,1,outputs/chexpert_plus/batch_first_100/tmp/081_patient00114_study18_view1_frontal_retrieval_results.csv,outputs/chexpert_plus/batch_first_100/tmp/081_patient00114_study18_view1_frontal_disease_reasoning_results.csv,outputs/chexpert_plus/batch_first_100/tmp/081_patient00114_study18_view1_frontal_judge_results.csv,outputs/chexpert_plus/batch_first_100/tmp/081_patient00114_study18_view1_frontal_judge_report.md,
82,patient00114/study4,patient00114/study4/view1_frontal.dcm,completed,pass,complete,quality_gate_agent | retrieval_agent | disease_reasoning_agent | judge_agent,1,outputs/chexpert_plus/batch_first_100/tmp/082_patient00114_study4_view1_frontal_retrieval_results.csv,outputs/chexpert_plus/batch_first_100/tmp/082_patient00114_study4_view1_frontal_disease_reasoning_results.csv,outputs/chexpert_plus/batch_first_100/tmp/082_patient00114_study4_view1_frontal_judge_results.csv,outputs/chexpert_plus/batch_first_100/tmp/082_patient00114_study4_view1_frontal_judge_report.md,
83,patient00114/study8,patient00114/study8/view1_frontal.dcm,completed,pass,complete,quality_gate_agent | retrieval_agent | disease_reasoning_agent | judge_agent,1,outputs/chexpert_plus/batch_first_100/tmp/083_patient00114_study8_view1_frontal_retrieval_results.csv,outputs/chexpert_plus/batch_first_100/tmp/083_patient00114_study8_view1_frontal_disease_reasoning_results.csv,outputs/chexpert_plus/batch_first_100/tmp/083_patient00114_study8_view1_frontal_judge_results.csv,outputs/chexpert_plus/batch_first_100/tmp/083_patient00114_study8_view1_frontal_judge_report.md,
84,patient00114/study14,patient00114/study14/view1_frontal.dcm,completed,pass,complete,quality_gate_agent | retrieval_agent | disease_reasoning_agent | judge_agent,1,outputs/chexpert_plus/batch_first_100/tmp/084_patient00114_study14_view1_frontal_retrieval_results.csv,outputs/chexpert_plus/batch_first_100/tmp/084_patient00114_study14_view1_frontal_disease_reasoning_results.csv,outputs/chexpert_plus/batch_first_100/tmp/084_patient00114_study14_view1_frontal_judge_results.csv,outputs/chexpert_plus/batch_first_100/tmp/084_patient00114_study14_view1_frontal_judge_report.md,
85,patient00114/study11,patient00114/study11/view1_frontal.dcm,completed,pass,complete,quality_gate_agent | retrieval_agent | disease_reasoning_agent | judge_agent,1,outputs/chexpert_plus/batch_first_100/tmp/085_patient00114_study11_view1_frontal_retrieval_results.csv,outputs/chexpert_plus/batch_first_100/tmp/085_patient00114_study11_view1_frontal_disease_reasoning_results.csv,outputs/chexpert_plus/batch_first_100/tmp/085_patient00114_study11_view1_frontal_judge_results.csv,outputs/chexpert_plus/batch_first_100/tmp/085_patient00114_study11_view1_frontal_judge_report.md,
86,patient00115/study2,patient00115/study2/view1_frontal.dcm,completed,pass,complete,quality_gate_agent | retrieval_agent | disease_reasoning_agent | judge_agent,1,outputs/chexpert_plus/batch_first_100/tmp/086_patient00115_study2_view1_frontal_retrieval_results.csv,outputs/chexpert_plus/batch_first_100/tmp/086_patient00115_study2_view1_frontal_disease_reasoning_results.csv,outputs/chexpert_plus/batch_first_100/tmp/086_patient00115_study2_view1_frontal_judge_results.csv,outputs/chexpert_plus/batch_first_100/tmp/086_patient00115_study2_view1_frontal_judge_report.md,
87,patient00120/study1,patient00120/study1/view1_frontal.dcm,completed,pass,complete,quality_gate_agent | retrieval_agent | disease_reasoning_agent | judge_agent,1,outputs/chexpert_plus/batch_first_100/tmp/087_patient00120_study1_view1_frontal_retrieval_results.csv,outputs/chexpert_plus/batch_first_100/tmp/087_patient00120_study1_view1_frontal_disease_reasoning_results.csv,outputs/chexpert_plus/batch_first_100/tmp/087_patient00120_study1_view1_frontal_judge_results.csv,outputs/chexpert_plus/batch_first_100/tmp/087_patient00120_study1_view1_frontal_judge_report.md,
88,patient00121/study1,patient00121/study1/view1_frontal.dcm,completed,review_with_technical_warning,complete,quality_gate_agent | retrieval_agent | disease_reasoning_agent | judge_agent,1,outputs/chexpert_plus/batch_first_100/tmp/088_patient00121_study1_view1_frontal_retrieval_results.csv,outputs/chexpert_plus/batch_first_100/tmp/088_patient00121_study1_view1_frontal_disease_reasoning_results.csv,outputs/chexpert_plus/batch_first_100/tmp/088_patient00121_study1_view1_frontal_judge_results.csv,outputs/chexpert_plus/batch_first_100/tmp/088_patient00121_study1_view1_frontal_judge_report.md,
89,patient00122/study3,patient00122/study3/view1_frontal.dcm,completed,review_with_technical_warning,complete,quality_gate_agent | retrieval_agent | disease_reasoning_agent | judge_agent,1,outputs/chexpert_plus/batch_first_100/tmp/089_patient00122_study3_view1_frontal_retrieval_results.csv,outputs/chexpert_plus/batch_first_100/tmp/089_patient00122_study3_view1_frontal_disease_reasoning_results.csv,outputs/chexpert_plus/batch_first_100/tmp/089_patient00122_study3_view1_frontal_judge_results.csv,outputs/chexpert_plus/batch_first_100/tmp/089_patient00122_study3_view1_frontal_judge_report.md,
90,patient00122/study3,patient00122/study3/view2_lateral.dcm,completed,review_with_technical_warning,complete,quality_gate_agent | retrieval_agent | disease_reasoning_agent | judge_agent,1,outputs/chexpert_plus/batch_first_100/tmp/090_patient00122_study3_view2_lateral_retrieval_results.csv,outputs/chexpert_plus/batch_first_100/tmp/090_patient00122_study3_view2_lateral_disease_reasoning_results.csv,outputs/chexpert_plus/batch_first_100/tmp/090_patient00122_study3_view2_lateral_judge_results.csv,outputs/chexpert_plus/batch_first_100/tmp/090_patient00122_study3_view2_lateral_judge_report.md,
91,patient00122/study5,patient00122/study5/view1_frontal.dcm,completed,review_with_technical_warning,complete,quality_gate_agent | retrieval_agent | disease_reasoning_agent | judge_agent,1,outputs/chexpert_plus/batch_first_100/tmp/091_patient00122_study5_view1_frontal_retrieval_results.csv,outputs/chexpert_plus/batch_first_100/tmp/091_patient00122_study5_view1_frontal_disease_reasoning_results.csv,outputs/chexpert_plus/batch_first_100/tmp/091_patient00122_study5_view1_frontal_judge_results.csv,outputs/chexpert_plus/batch_first_100/tmp/091_patient00122_study5_view1_frontal_judge_report.md,
92,patient00122/study1,patient00122/study1/view1_frontal.dcm,completed,review_with_technical_warning,complete,quality_gate_agent | retrieval_agent | disease_reasoning_agent | judge_agent,1,outputs/chexpert_plus/batch_first_100/tmp/092_patient00122_study1_view1_frontal_retrieval_results.csv,outputs/chexpert_plus/batch_first_100/tmp/092_patient00122_study1_view1_frontal_disease_reasoning_results.csv,outputs/chexpert_plus/batch_first_100/tmp/092_patient00122_study1_view1_frontal_judge_results.csv,outputs/chexpert_plus/batch_first_100/tmp/092_patient00122_study1_view1_frontal_judge_report.md,
93,patient00122/study4,patient00122/study4/view1_frontal.dcm,completed,pass,complete,quality_gate_agent | retrieval_agent | disease_reasoning_agent | judge_agent,1,outputs/chexpert_plus/batch_first_100/tmp/093_patient00122_study4_view1_frontal_retrieval_results.csv,outputs/chexpert_plus/batch_first_100/tmp/093_patient00122_study4_view1_frontal_disease_reasoning_results.csv,outputs/chexpert_plus/batch_first_100/tmp/093_patient00122_study4_view1_frontal_judge_results.csv,outputs/chexpert_plus/batch_first_100/tmp/093_patient00122_study4_view1_frontal_judge_report.md,
94,patient00122/study8,patient00122/study8/view1_frontal.dcm,completed,pass,complete,quality_gate_agent | retrieval_agent | disease_reasoning_agent | judge_agent,1,outputs/chexpert_plus/batch_first_100/tmp/094_patient00122_study8_view1_frontal_retrieval_results.csv,outputs/chexpert_plus/batch_first_100/tmp/094_patient00122_study8_view1_frontal_disease_reasoning_results.csv,outputs/chexpert_plus/batch_first_100/tmp/094_patient00122_study8_view1_frontal_judge_results.csv,outputs/chexpert_plus/batch_first_100/tmp/094_patient00122_study8_view1_frontal_judge_report.md,
95,patient00122/study7,patient00122/study7/view1_frontal.dcm,completed,pass,complete,quality_gate_agent | retrieval_agent | disease_reasoning_agent | judge_agent,1,outputs/chexpert_plus/batch_first_100/tmp/095_patient00122_study7_view1_frontal_retrieval_results.csv,outputs/chexpert_plus/batch_first_100/tmp/095_patient00122_study7_view1_frontal_disease_reasoning_results.csv,outputs/chexpert_plus/batch_first_100/tmp/095_patient00122_study7_view1_frontal_judge_results.csv,outputs/chexpert_plus/batch_first_100/tmp/095_patient00122_study7_view1_frontal_judge_report.md,
96,patient00122/study6,patient00122/study6/view1_frontal.dcm,completed,pass,complete,quality_gate_agent | retrieval_agent | disease_reasoning_agent | judge_agent,1,outputs/chexpert_plus/batch_first_100/tmp/096_patient00122_study6_view1_frontal_retrieval_results.csv,outputs/chexpert_plus/batch_first_100/tmp/096_patient00122_study6_view1_frontal_disease_reasoning_results.csv,outputs/chexpert_plus/batch_first_100/tmp/096_patient00122_study6_view1_frontal_judge_results.csv,outputs/chexpert_plus/batch_first_100/tmp/096_patient00122_study6_view1_frontal_judge_report.md,
97,patient00124/study6,patient00124/study6/view1_frontal.dcm,completed,pass,complete,quality_gate_agent | retrieval_agent | disease_reasoning_agent | judge_agent,1,outputs/chexpert_plus/batch_first_100/tmp/097_patient00124_study6_view1_frontal_retrieval_results.csv,outputs/chexpert_plus/batch_first_100/tmp/097_patient00124_study6_view1_frontal_disease_reasoning_results.csv,outputs/chexpert_plus/batch_first_100/tmp/097_patient00124_study6_view1_frontal_judge_results.csv,outputs/chexpert_plus/batch_first_100/tmp/097_patient00124_study6_view1_frontal_judge_report.md,
98,patient00124/study4,patient00124/study4/view1_frontal.dcm,completed,pass,complete,quality_gate_agent | retrieval_agent | disease_reasoning_agent | judge_agent,1,outputs/chexpert_plus/batch_first_100/tmp/098_patient00124_study4_view1_frontal_retrieval_results.csv,outputs/chexpert_plus/batch_first_100/tmp/098_patient00124_study4_view1_frontal_disease_reasoning_results.csv,outputs/chexpert_plus/batch_first_100/tmp/098_patient00124_study4_view1_frontal_judge_results.csv,outputs/chexpert_plus/batch_first_100/tmp/098_patient00124_study4_view1_frontal_judge_report.md,
99,patient00124/study2,patient00124/study2/view1_frontal.dcm,completed,pass,complete,quality_gate_agent | retrieval_agent | disease_reasoning_agent | judge_agent,1,outputs/chexpert_plus/batch_first_100/tmp/099_patient00124_study2_view1_frontal_retrieval_results.csv,outputs/chexpert_plus/batch_first_100/tmp/099_patient00124_study2_view1_frontal_disease_reasoning_results.csv,outputs/chexpert_plus/batch_first_100/tmp/099_patient00124_study2_view1_frontal_judge_results.csv,outputs/chexpert_plus/batch_first_100/tmp/099_patient00124_study2_view1_frontal_judge_report.md,
100,patient00124/study3,patient00124/study3/view1_frontal.dcm,completed,pass,complete,quality_gate_agent | retrieval_agent | disease_reasoning_agent | judge_agent,1,outputs/chexpert_plus/batch_first_100/tmp/100_patient00124_study3_view1_frontal_retrieval_results.csv,outputs/chexpert_plus/batch_first_100/tmp/100_patient00124_study3_view1_frontal_disease_reasoning_results.csv,outputs/chexpert_plus/batch_first_100/tmp/100_patient00124_study3_view1_frontal_judge_results.csv,outputs/chexpert_plus/batch_first_100/tmp/100_patient00124_study3_view1_frontal_judge_report.md,
