study_key,dicom_path,deid_patient_id,age,sex,split,image_count,view_position,photometric,rows,columns,quality_hint_count,quality_hints,intensity_min,intensity_max,intensity_mean,intensity_std,contrast_proxy,noise_proxy,blur_proxy,sharpness_proxy,edge_density,entropy,sharpness_score,contrast_score,noise_score,exposure_score,entropy_score,pixel_quality_score,pixel_quality_tier,normalized_quality_hints,report_quality_tier,acquisition_quality_tier,image_quality_label,image_quality_score_0_5,image_quality_confidence,quality_gate
patient00003/study1,patient00003/study1/view1_frontal.dcm,patient00003,41.0,Male,train,1,AP,MONOCHROME1,2320,2828,0,,0.0,1.0,0.3340252041816711,0.0762446150183677,0.2644688636064529,0.0084255160763859,0.9989347590275984,0.0010663769207894,0.0010246976052285,4.169795036315918,0.36342045635245074,0.24370398106287297,0.4649530388059381,0.9074657316149011,0.41221608155433287,0.4403,usable,,good,good,good,4.25,0.6667,proceed
patient00007/study1,patient00007/study1/view1_frontal.dcm,patient00007,69.0,Male,train,1,AP,MONOCHROME1,2320,2828,2,low lung volume|low lung volumes,0.0,1.0,0.4149343371391296,0.1841510236263275,0.6473717559129,0.0119448527693748,0.997182054891782,0.0028259083628654,0.0015042006047895,5.332072734832764,1.0,1.0,0.020223992981605265,0.5392918111185308,1.0,0.7349,good,low_lung_volume,usable,good,good,4.25,0.6667,proceed
patient00007/study2,patient00007/study2/view1_frontal.dcm,patient00007,69.0,Male,train,1,AP,MONOCHROME1,2320,2828,2,low lung volume|low lung volumes,0.0,1.0,0.4391436576843261,0.0994106084108352,0.2764356732368469,0.0068414341658353,0.9990920622432574,0.0009087628568522,0.0045299773203921,4.417574405670166,0.2913530686611529,0.27285321724125383,0.6651291793810099,0.4291282222642928,0.5492459531346636,0.4079,usable,low_lung_volume,usable,good,usable,3.25,0.6667,review
patient00009/study1,patient00009/study1/view1_frontal.dcm,patient00009,76.0,Male,train,2,PA,MONOCHROME2,1741,2012,0,,0.0,1.0,0.3128986358642578,0.0612395144999027,0.2286516577005386,0.0042939488776028,0.999756537687254,0.0002435216010781,0.0014279629517552,3.573607444763184,0.0,0.15645899042230438,0.9870479954306849,0.9963986258471149,0.08250538239011598,0.3942,usable,,good,good,good,4.25,0.6667,proceed
patient00016/study1,patient00016/study1/view1_frontal.dcm,patient00016,54.0,Female,train,2,PA,MONOCHROME2,2022,2022,2,low lung volume|low lung volumes,0.0,1.0,0.2425371408462524,0.0611037015914917,0.1902625262737274,0.0034214595798403,0.9997921426637874,0.0002079005498671,0.0006782465089749,3.4246163368225098,0.0,0.06294920016033814,1.0,0.6762213290963797,0.000108561214367132,0.3172,review,low_lung_volume,usable,good,uncertain,3.0,0.3333,review
patient00021/study1,patient00021/study1/view1_frontal.dcm,patient00021,36.0,Female,train,1,PA,MONOCHROME2,2022,2022,0,,0.0,1.0,0.5222415924072266,0.2131045460700988,0.7320541776716709,0.0078913085162639,0.9987895416917214,0.0012119252933189,0.0104297827752291,5.231813430786133,0.4299709324260852,1.0,0.5324594012856907,0.050994242900453735,0.9995460299252248,0.5931,usable,,good,good,good,4.25,0.6667,proceed
patient00026/study1,patient00026/study1/view1_frontal.dcm,patient00026,42.0,Female,train,2,PA,MONOCHROME2,1751,2022,2,low lung volume|low lung volumes,0.0,1.0,0.3069486320018768,0.0468844138085842,0.1320881396532058,0.0045973071828484,0.9996942580580528,0.0003058354486711,0.0016977722494027,3.3188717365264893,0.015670796472488483,0.0,0.9487134280380481,0.969323360436309,0.0,0.3398,review,low_lung_volume,usable,good,uncertain,3.0,0.3333,review
patient00027/study1,patient00027/study1/view1_frontal.dcm,patient00027,56.0,Male,train,2,PA,MONOCHROME2,2021,2021,2,low lung volume|low lung volumes,0.0,1.0,0.2486950457096099,0.0661528185009956,0.185071125626564,0.0041075944900512,0.999682750823658,0.0003173498553223,0.0011560945549219,3.8498051166534415,0.0209356388820968,0.05030377767643569,1.0,0.7042426400746851,0.23525147908309094,0.348,usable,low_lung_volume,usable,good,usable,3.25,0.6667,review
patient00031/study3,patient00031/study3/view1_frontal.dcm,patient00031,88.0,Male,train,1,AP,MONOCHROME1,2320,2828,2,rotation|portable,0.0,1.0,0.2895083129405975,0.1033734902739524,0.3416361436247825,0.0092631066218018,0.9986963898159148,0.0013053118018433,0.0011932704970004,4.660272598266602,0.472670939943474,0.43167114524207584,0.3591089901826908,0.8899618544012,0.6834657723671553,0.5234,usable,portable|rotation,usable,usable,usable,3.25,1.0,review
patient00031/study1,patient00031/study1/view1_frontal.dcm,patient00031,88.0,Male,train,1,AP,MONOCHROME1,2320,2828,3,limited|rotation|portable,0.0,1.0,0.184593990445137,0.0859312713146209,0.2945055048912763,0.0109157571569085,0.998194200185006,0.0018090666271746,0.0015493159537628,4.196253776550293,0.7030075824462519,0.31686843991687363,0.1502680182395173,0.41255323540532096,0.4268486063926304,0.4247,usable,limited|portable|rotation,review,usable,review,2.25,0.6667,review
patient00031/study2,patient00031/study2/view1_frontal.dcm,patient00031,88.0,Male,train,1,AP,MONOCHROME1,2320,2828,0,,0.0,1.0,0.2734358012676239,0.0933715924620628,0.3191697224974632,0.009750597178936,0.9985956204587852,0.0014063545968383,0.0009951287616446,4.402679443359375,0.5188717046367719,0.3769465331065327,0.297506128838231,0.8168245036651128,0.5410085652602782,0.486,usable,,good,good,good,4.25,0.6667,proceed
patient00034/study1,patient00034/study1/view1_frontal.dcm,patient00034,45.0,Male,train,1,AP,MONOCHROME1,2800,3408,0,,0.0,1.0,0.4123834669589996,0.1212376952171325,0.4511527717113495,0.0071913842111825,0.9991558547129232,0.0008448584703728,0.0035134766934942,4.688244342803955,0.26213345411317424,0.6984361524706673,0.6209069399847371,0.550899448483642,0.698935036704298,0.53,usable,,good,good,good,4.25,0.6667,proceed
patient00038/study1,patient00038/study1/view1_frontal.dcm,patient00038,78.0,Male,train,1,AP,MONOCHROME1,2320,2828,1,portable,0.0,1.0,0.3238952457904815,0.1039228811860084,0.4014191478490829,0.0056589730083942,0.9994107474739518,0.0005895999493077,0.0036839121104228,4.5102057456970215,0.14541915629241922,0.5772929912820796,0.8145535931691952,0.9535617205227338,0.6004740301988462,0.5539,usable,portable,good,usable,usable,3.25,0.6667,review
patient00038/study2,patient00038/study2/view1_frontal.dcm,patient00038,78.0,Male,train,1,AP,MONOCHROME1,2320,2828,0,,0.0,1.0,0.3362910747528076,0.1005499958992004,0.3484107702970505,0.0062484191730618,0.9992627146822248,0.0007378293084912,0.0068215626981417,4.492324352264404,0.21319548556571483,0.44817305335204843,0.7400668778459161,0.897154974089526,0.5905850509342095,0.5176,usable,,good,good,good,4.25,0.6667,proceed
patient00038/study3,patient00038/study3/view1_frontal.dcm,patient00038,78.0,Male,train,1,AP,MONOCHROME1,2320,2828,0,,0.0,1.0,0.3222804963588714,0.0846137925982475,0.2529914528131485,0.0051799518987536,0.9995460761981628,0.0004541299422271,0.0036476369311808,4.283571243286133,0.08347690775861805,0.21574684225449775,0.8750861933732555,0.9609095761618217,0.47513794252547664,0.4456,usable,,good,good,good,4.25,0.6667,proceed
patient00044/study4,patient00044/study4/view1_frontal.dcm,patient00044,49.0,Female,train,1,AP,MONOCHROME1,2048,2494,1,portable,0.0,1.0,0.4716230034828186,0.1206240952014923,0.4864469096064567,0.0117703406140208,0.9975676407526723,0.0024382900446653,0.0014309733986567,4.364177703857422,0.9907134307696198,0.7844070330137838,0.042276621390232805,0.28133219923589425,0.5197158788137763,0.5959,usable,portable,good,usable,usable,3.25,0.6667,review
patient00044/study5,patient00044/study5/view1_frontal.dcm,patient00044,49.0,Female,train,1,AP,MONOCHROME1,2320,2828,0,,0.0,1.0,0.4179300665855407,0.0722308754920959,0.2136752307415008,0.0107800830155611,0.9981909636958692,0.0018123148474842,0.0015730929620055,4.108728885650635,0.7044927973218227,0.11997880731414465,0.16741279201028736,0.5256598586464714,0.3784445581003144,0.3915,usable,,good,good,good,4.25,0.6667,proceed
patient00044/study6,patient00044/study6/view1_frontal.dcm,patient00044,49.0,Female,train,2,PA,MONOCHROME2,2022,2022,0,,0.0,1.0,0.4993464350700378,0.1140802204608917,0.3381588160991668,0.0044789621606469,0.99958154914049,0.0004186260339338,0.0046589395971709,4.275547027587891,0.06724311580113754,0.42320093100416295,0.9636683679580005,0.15517778225003687,0.47070029604373514,0.3891,usable,,good,good,good,4.25,0.6667,proceed
patient00044/study7,patient00044/study7/view1_frontal.dcm,patient00044,49.0,Female,train,2,PA,MONOCHROME2,2022,2022,0,,0.0,1.0,0.284102201461792,0.0576395466923713,0.1475229263305664,0.0038534067571163,0.9997806745869736,0.0002193735272157,0.0001761043946851,3.4242594242095947,0.0,0.0,1.0,0.8653615505166091,0.0,0.3298,review,,good,good,uncertain,3.0,0.6667,review
patient00044/study3,patient00044/study3/view1_frontal.dcm,patient00044,49.0,Female,train,1,AP,MONOCHROME1,2320,2828,0,,0.0,1.0,0.3967343866825104,0.0941333100199699,0.2744810879230499,0.0110490377992391,0.9980835376691972,0.0019201422110199,0.0015115166073257,4.433133125305176,0.7537957352547856,0.2680921597244738,0.1334257044567455,0.6221099908161973,0.5578504199193525,0.4689,usable,,good,good,good,4.25,0.6667,proceed
patient00044/study1,patient00044/study1/view1_frontal.dcm,patient00044,49.0,Female,train,1,AP,MONOCHROME1,2048,2494,1,portable,0.0,1.0,0.2941475510597229,0.0785688161849975,0.2332112342119217,0.0103368936106562,0.9983392389891796,0.0016635237261652,0.0012171790422012,4.091963291168213,0.6364596081681455,0.16756539026559553,0.22341743673651204,0.9110725303409941,0.3691726511417911,0.4511,usable,portable,good,usable,usable,3.25,0.6667,review
patient00044/study2,patient00044/study2/view1_frontal.dcm,patient00044,49.0,Female,train,1,AP,MONOCHROME1,2320,2828,3,low lung volume|low lung volumes|portable,0.0,1.0,0.3920628130435943,0.0786891877651214,0.2271062135696411,0.0106703676283359,0.9982421753446348,0.0017609200440347,0.0015173084426669,4.146928310394287,0.6809930592084209,0.15269453545365452,0.18127722833151672,0.6433678083042622,0.3995700548707155,0.4152,usable,low_lung_volume|portable,usable,usable,usable,3.25,1.0,review
patient00045/study1,patient00045/study1/view1_frontal.dcm,patient00045,69.0,Female,train,2,PA,MONOCHROME2,2022,1931,0,,0.0,1.0,0.55051589012146,0.079447865486145,0.2082792818546295,0.0069104409776628,0.9993400770905182,0.0006603586953133,0.001966201918718,4.063468933105469,0.17777285528064818,0.1068351380014488,0.6564089754742449,0.0,0.3534143649040073,0.2467,review,,good,good,uncertain,3.0,0.6667,review
patient00048/study1,patient00048/study1/view1_frontal.dcm,patient00048,45.0,Female,train,1,AP,MONOCHROME1,2320,2828,1,portable,0.0,1.0,0.2615649104118347,0.09970323741436,0.3201465234160423,0.0103319752961397,0.9984150431037752,0.00158747297246,0.0012833487782275,4.438599109649658,0.6016861938256803,0.3793258640689475,0.22403895082078396,0.7628064680441103,0.5608732831009666,0.4907,usable,portable,good,usable,usable,3.25,0.6667,review
patient00049/study3,patient00049/study3/view1_frontal.dcm,patient00049,63.0,Male,train,1,AP,MONOCHROME1,2320,2828,1,portable,0.0,1.0,0.3323451280593872,0.091821938753128,0.2808302789926529,0.0059151225723326,0.9993959112397208,0.0006044539040885,0.0050350863288299,4.445760726928711,0.15221097227124866,0.2835577746833231,0.782184666551408,0.9151108538657949,0.564833885222982,0.4667,usable,portable,good,usable,usable,3.25,0.6667,review
patient00049/study1,patient00049/study1/view1_frontal.dcm,patient00049,63.0,Male,train,1,AP,MONOCHROME1,2320,2828,3,low lung volume|low lung volumes|portable,0.0,1.0,0.3126228749752044,0.1022397726774215,0.3242979198694229,0.0097879450768232,0.9983769313778292,0.0016257072566077,0.0011134041359801,4.606282234191895,0.6191684216798483,0.3894380025107872,0.29278657613842574,0.9951437864497413,0.6536073839346825,0.5563,usable,low_lung_volume|portable,usable,usable,usable,3.25,1.0,review
patient00049/study2,patient00049/study2/view1_frontal.dcm,patient00049,63.0,Male,train,1,AP,MONOCHROME1,2320,2828,2,low lung volume|low lung volumes,0.0,1.0,0.3499137461185455,0.105713739991188,0.4178266152739525,0.006124997511506,0.9993601082241478,0.0006403014995157,0.0028908879188411,4.425431251525879,0.1686019115879467,0.6172589603104401,0.7556633389310726,0.83516552813916,0.5535910387704882,0.5367,usable,low_lung_volume,usable,good,usable,3.25,0.6667,review
patient00055/study1,patient00055/study1/view1_frontal.dcm,patient00055,43.0,Female,train,1,AP,MONOCHROME1,2320,2828,1,portable,0.0,1.0,0.2535015940666199,0.077003575861454,0.2051282078027725,0.0121548678725957,0.9978846781750232,0.0021198058966547,0.0019160305808906,4.009774208068848,0.8450898741220494,0.0991596250961664,0.0,0.7261146548642418,0.3237194742620426,0.4196,usable,portable,good,usable,usable,3.25,0.6667,review
patient00055/study3,patient00055/study3/view1_frontal.dcm,patient00055,43.0,Female,train,1,AP,MONOCHROME1,2320,2828,1,portable,0.0,1.0,0.3152044713497162,0.0974845141172409,0.2803418785333633,0.0110040698200464,0.9981940069369472,0.0018092605751007,0.0013443154660293,4.4576592445373535,0.7030962631136557,0.28236810920211547,0.13910818619225485,0.9931087578107074,0.5714141438787281,0.5155,usable,portable,good,usable,usable,3.25,0.6667,review
patient00055/study2,patient00055/study2/view1_frontal.dcm,patient00055,43.0,Female,train,2,PA,MONOCHROME2,1751,2021,0,,0.0,1.0,0.6104081869125366,0.0787136554718017,0.2205780148506164,0.0112252300605177,0.9986272618651312,0.0013746251352131,0.0024480250346801,4.142398357391357,0.5043637390716523,0.13679288646302135,0.11116076561296706,0.0,0.3970648467903409,0.2474,review,,good,good,uncertain,3.0,0.6667,review
patient00058/study1,patient00058/study1/view1_frontal.dcm,patient00058,65.0,Male,train,2,PA,MONOCHROME2,1751,2021,0,,0.0,1.0,0.2861224710941314,0.0398890227079391,0.1096868813037872,0.0057461471296846,0.9995842739532128,0.0004158989468123,0.0028266875703457,3.208505868911743,0.06599618364328522,0.0,0.8035376355714784,0.8745547103467763,0.0,0.3117,review,,good,good,uncertain,3.0,0.6667,review
patient00064/study1,patient00064/study1/view1_frontal.dcm,patient00064,63.0,Male,train,1,AP,MONOCHROME1,2320,2828,1,portable,0.0,1.0,0.2474669516086578,0.0791461616754531,0.3074481151998043,0.0094970474019646,0.9986431871133132,0.0013586563291028,0.0010772813734575,4.070577621459961,0.49706216894414973,0.34839457063176554,0.3295465274184808,0.698654244755658,0.3573456956473994,0.4427,usable,portable,good,usable,usable,3.25,0.6667,review
patient00067/study3,patient00067/study3/view1_frontal.dcm,patient00067,56.0,Female,train,2,PA,MONOCHROME1,2320,2828,0,,0.0,1.0,0.2261432558298111,0.1223986968398094,0.3909645937383175,0.0088194282725453,0.9988827764579552,0.0011184731265529,0.0010070172657659,4.777625560760498,0.3872409033621776,0.5518273679182416,0.4151754214823291,0.6016215812305425,0.7483656928973402,0.5022,usable,,good,good,good,4.25,0.6667,proceed
patient00067/study2,patient00067/study2/view1_frontal.dcm,patient00067,56.0,Female,train,1,AP,MONOCHROME1,2320,2828,3,rotated|low lung volume|low lung volumes,0.0,1.0,0.2945148348808288,0.131353810429573,0.438339464366436,0.010674268938601,0.9982971719072652,0.0017057326622307,0.0014456725844998,4.941018581390381,0.655759204178065,0.667224983114849,0.18078423031995428,0.9127438413464222,0.838727229825884,0.6205,usable,low_lung_volume|rotation,usable,good,usable,3.25,0.6667,review
patient00067/study4,patient00067/study4/view1_frontal.dcm,patient00067,56.0,Female,train,1,AP,MONOCHROME1,2320,2828,3,low lung volume|low lung volumes|portable,0.0,1.0,0.1915704756975174,0.1094738915562629,0.3474969556555152,0.0089303851127624,0.9987490246496216,0.0012525422498583,0.0008724333024435,4.503548622131348,0.4485426123932475,0.4459471468964364,0.4011541061089693,0.4442994651913271,0.5967924291451504,0.4526,usable,low_lung_volume|portable,usable,usable,usable,3.25,1.0,review
patient00067/study1,patient00067/study1/view1_frontal.dcm,patient00067,56.0,Female,train,1,AP,MONOCHROME1,2320,2828,0,,0.0,1.0,0.3006905317306518,0.1243259385228157,0.4095238372683525,0.0095582669600844,0.99862080708948,0.0013810977106913,0.0012549992683997,4.899693012237549,0.5073232567358532,0.5970347197236087,0.3218103776711023,0.9408461140798592,0.8158728757739107,0.5885,usable,,good,good,good,4.25,0.6667,proceed
patient00068/study1,patient00068/study1/view1_frontal.dcm,patient00068,76.0,Male,train,1,AP,MONOCHROME1,2320,2828,1,portable,0.0,1.0,0.2728303968906402,0.1048904210329055,0.3714285772293806,0.0112756667658686,0.9980043989097168,0.0019995914772152,0.0014234197434521,4.359979152679443,0.7901230840056379,0.5042407532070491,0.10478721576480543,0.8140696341613579,0.5173939464824396,0.5579,usable,portable,good,usable,usable,3.25,0.6667,review
patient00070/study1,patient00070/study1/view1_frontal.dcm,patient00070,42.0,Male,train,1,PA,MONOCHROME2,1752,2021,0,,0.0,1.0,0.2501624226570129,0.07374969124794,0.1929143965244293,0.0059661148115992,0.9994641378181268,0.0005361494841054,0.0010873273550098,4.023042678833008,0.12097948827174564,0.06940873236980863,0.7757409153869743,0.7109198828509167,0.3310573605825167,0.3485,usable,,good,good,good,4.25,0.6667,proceed
patient00076/study1,patient00076/study1/view1_frontal.dcm,patient00076,39.0,Female,train,1,AP,MONOCHROME1,2320,2828,5,limited|motion|low lung volume|low lung volumes|portable,0.0,1.0,0.3453100323677063,0.0768033266067504,0.2202686220407486,0.0112138548865914,0.9979654823519664,0.0020386653486639,0.001591382968346,4.158990383148193,0.8079892044009308,0.1360392550135978,0.112598215532552,0.8561145517973509,0.4062407647234688,0.468,usable,limited|low_lung_volume|motion|portable,review,usable,review,2.25,0.6667,review
patient00078/study8,patient00078/study8/view1_frontal.dcm,patient00078,25.0,Male,train,1,AP,MONOCHROME1,2320,2828,1,portable,0.0,1.0,0.3712899386882782,0.101870872080326,0.3032967001199722,0.0093668336048722,0.9986397778593604,0.0013620748650282,0.0015273679461542,4.31876802444458,0.49862525885959397,0.3382823868188662,0.346001292275004,0.7378939799713906,0.49460288189775997,0.4635,usable,portable,good,usable,usable,3.25,0.6667,review
patient00078/study4,patient00078/study4/view1_frontal.dcm,patient00078,25.0,Male,train,1,AP,MONOCHROME1,2320,2828,1,portable,0.0,1.0,0.1911568790674209,0.0890775397419929,0.2913309019058943,0.0110379345715045,0.9982322698879228,0.0017708605155348,0.0013184046237136,4.23169469833374,0.6855382361776375,0.3091356142890253,0.1348287892726474,0.44241740951676223,0.44644856329514027,0.4209,usable,portable,good,usable,usable,3.25,0.6667,review
patient00078/study9,patient00078/study9/view1_frontal.dcm,patient00078,25.0,Male,train,1,AP,MONOCHROME1,2320,2828,0,,0.0,1.0,0.3334624469280243,0.0998767539858818,0.325274720788002,0.0096530662849545,0.9985794498151848,0.0014225710183382,0.001196776081549,4.352313995361328,0.5262864943199085,0.39181733347320213,0.30983084374976433,0.9100265370121342,0.5131548707043321,0.5056,usable,,good,good,good,4.25,0.6667,proceed
patient00078/study7,patient00078/study7/view1_frontal.dcm,patient00078,25.0,Male,train,1,AP,MONOCHROME1,2320,2828,0,,0.0,1.0,0.2583647072315216,0.095987319946289,0.3306471370160579,0.0091819129884243,0.9987274349495148,0.0012741865357384,0.0012646015217285,4.215091228485107,0.45843923648158996,0.4049036809891199,0.3693692097209128,0.7482440656525244,0.43726631641528296,0.4686,usable,,good,good,good,4.25,0.6667,proceed
patient00078/study1,patient00078/study1/view1_frontal.dcm,patient00078,25.0,Male,train,1,AP,MONOCHROME1,2048,2494,1,portable,0.0,1.0,0.296951025724411,0.09389029443264,0.3025641068816185,0.0120438151061534,0.9976689625171774,0.0023364839144051,0.0020046157653368,4.427300453186035,0.944163638983679,0.336497906745479,0.007718390520842999,0.9238296347689104,0.5546247667362848,0.563,usable,portable,good,usable,usable,3.25,0.6667,review
patient00078/study3,patient00078/study3/view1_frontal.dcm,patient00078,25.0,Male,train,1,AP,MONOCHROME1,2320,2828,1,portable,0.0,1.0,0.2668072283267975,0.0991272702813148,0.3516483567655086,0.0115585764870047,0.9980512246153248,0.0019525805255398,0.0014161037409159,4.330826282501221,0.7686278164165868,0.4560592966810407,0.06903668056141432,0.7866614355699029,0.5012714821016034,0.5265,usable,portable,good,usable,usable,3.25,0.6667,review
patient00078/study6,patient00078/study6/view1_frontal.dcm,patient00078,25.0,Male,train,1,AP,MONOCHROME1,2320,2828,1,portable,0.0,1.0,0.3369780778884887,0.0834511443972587,0.2947496920824051,0.0092869894579052,0.9986805447272218,0.0013211985351517,0.0015022191874359,4.141282081604004,0.4799349831378738,0.31746324089773575,0.356090980870594,0.8940287925496744,0.39644751077811385,0.4683,usable,portable,good,usable,usable,3.25,0.6667,review
patient00078/study5,patient00078/study5/view1_frontal.dcm,patient00078,25.0,Male,train,1,AP,MONOCHROME1,2320,2828,1,portable,0.0,1.0,0.3144814968109131,0.1105663850903511,0.4065934084355831,0.0101596293970942,0.9984141471088752,0.0015883718151599,0.0011179766375652,4.561262130737305,0.6020971802802456,0.5898966633168804,0.24581783528697787,0.9963986258471149,0.6287098349135779,0.5896,usable,portable,good,usable,usable,3.25,0.6667,review
patient00078/study2,patient00078/study2/view1_frontal.dcm,patient00078,25.0,Male,train,1,AP,MONOCHROME1,2320,2828,1,portable,0.0,1.0,0.2251306474208831,0.0971498414874076,0.313308922573924,0.0132057601585984,0.9975308941235422,0.0024752174504101,0.0023973625810856,4.292982578277588,1.0,0.3626705609433609,0.0,0.5970137453260516,0.4803427100920402,0.5283,usable,portable,good,usable,usable,3.25,0.6667,review
patient00079/study1,patient00079/study1/view1_frontal.dcm,patient00079,43.0,Male,train,2,PA,MONOCHROME1,2320,2828,0,,0.0,1.0,0.4417214393615722,0.1610260009765625,0.4739099442958832,0.0059618246741592,0.999276763921684,0.0007237595273181,0.0253400417012144,5.233305931091309,0.20676222479440745,0.7538689886991237,0.7762830484354966,0.41739812515900776,1.0,0.5684,usable,,good,good,good,4.25,0.6667,proceed
patient00082/study1,patient00082/study1/view1_frontal.dcm,patient00082,18.0,Male,train,1,PA,MONOCHROME1,2320,2828,0,,0.0,1.0,0.5426168441772461,0.214039921760559,0.6552188396453857,0.0138536868616938,0.9962794062407232,0.0037344882730394,0.0011995195825001,5.616303443908691,1.0,1.0,0.0,0.0,1.0,0.65,usable,,good,good,good,4.25,0.6667,proceed
