study_key,dicom_path,deid_patient_id,age,sex,split,image_count,view_position,photometric,raw_model_output,report_available,impression_available
patient00003/study1,patient00003/study1/view1_frontal.dcm,patient00003,41.0,Male,train,1,AP,MONOCHROME1,0.26979878544807434,True,True
patient00007/study1,patient00007/study1/view1_frontal.dcm,patient00007,69.0,Male,train,1,AP,MONOCHROME1,0.3357011675834656,True,True
patient00007/study2,patient00007/study2/view1_frontal.dcm,patient00007,69.0,Male,train,1,AP,MONOCHROME1,0.14176613092422485,True,True
patient00009/study1,patient00009/study1/view1_frontal.dcm,patient00009,76.0,Male,train,2,PA,MONOCHROME2,-0.5615925788879395,True,True
patient00016/study1,patient00016/study1/view1_frontal.dcm,patient00016,54.0,Female,train,2,PA,MONOCHROME2,-0.23614466190338135,True,True
patient00021/study1,patient00021/study1/view1_frontal.dcm,patient00021,36.0,Female,train,1,PA,MONOCHROME2,-0.6357713937759399,True,True
patient00026/study1,patient00026/study1/view1_frontal.dcm,patient00026,42.0,Female,train,2,PA,MONOCHROME2,-0.4016076922416687,True,True
patient00027/study1,patient00027/study1/view1_frontal.dcm,patient00027,56.0,Male,train,2,PA,MONOCHROME2,0.06744825839996338,True,True
patient00031/study3,patient00031/study3/view1_frontal.dcm,patient00031,88.0,Male,train,1,AP,MONOCHROME1,-0.3365131616592407,True,True
patient00031/study1,patient00031/study1/view1_frontal.dcm,patient00031,88.0,Male,train,1,AP,MONOCHROME1,-0.1255795955657959,True,True
patient00031/study2,patient00031/study2/view1_frontal.dcm,patient00031,88.0,Male,train,1,AP,MONOCHROME1,-0.22804999351501465,True,True
patient00034/study1,patient00034/study1/view1_frontal.dcm,patient00034,45.0,Male,train,1,AP,MONOCHROME1,0.1844218373298645,True,True
patient00038/study1,patient00038/study1/view1_frontal.dcm,patient00038,78.0,Male,train,1,AP,MONOCHROME1,-0.05529579147696495,True,True
patient00038/study2,patient00038/study2/view1_frontal.dcm,patient00038,78.0,Male,train,1,AP,MONOCHROME1,-0.08777725696563721,True,True
patient00038/study3,patient00038/study3/view1_frontal.dcm,patient00038,78.0,Male,train,1,AP,MONOCHROME1,0.10243651270866394,True,True
patient00044/study4,patient00044/study4/view1_frontal.dcm,patient00044,49.0,Female,train,1,AP,MONOCHROME1,0.08320097625255585,True,True
patient00044/study5,patient00044/study5/view1_frontal.dcm,patient00044,49.0,Female,train,1,AP,MONOCHROME1,0.025257978588342667,True,True
patient00044/study6,patient00044/study6/view1_frontal.dcm,patient00044,49.0,Female,train,2,PA,MONOCHROME2,-0.3020027279853821,True,True
patient00044/study7,patient00044/study7/view1_frontal.dcm,patient00044,49.0,Female,train,2,PA,MONOCHROME2,-0.21543514728546143,True,True
patient00044/study3,patient00044/study3/view1_frontal.dcm,patient00044,49.0,Female,train,1,AP,MONOCHROME1,0.21067190170288086,True,True
patient00044/study1,patient00044/study1/view1_frontal.dcm,patient00044,49.0,Female,train,1,AP,MONOCHROME1,0.0907738208770752,True,True
patient00044/study2,patient00044/study2/view1_frontal.dcm,patient00044,49.0,Female,train,1,AP,MONOCHROME1,0.21338693797588348,True,True
patient00045/study1,patient00045/study1/view1_frontal.dcm,patient00045,69.0,Female,train,2,PA,MONOCHROME2,-0.41432368755340576,True,True
patient00048/study1,patient00048/study1/view1_frontal.dcm,patient00048,45.0,Female,train,1,AP,MONOCHROME1,0.1269550621509552,True,True
patient00049/study3,patient00049/study3/view1_frontal.dcm,patient00049,63.0,Male,train,1,AP,MONOCHROME1,-0.2813625931739807,True,True
patient00049/study1,patient00049/study1/view1_frontal.dcm,patient00049,63.0,Male,train,1,AP,MONOCHROME1,0.099943608045578,True,True
patient00049/study2,patient00049/study2/view1_frontal.dcm,patient00049,63.0,Male,train,1,AP,MONOCHROME1,-0.16738086938858032,True,True
patient00055/study1,patient00055/study1/view1_frontal.dcm,patient00055,43.0,Female,train,1,AP,MONOCHROME1,0.3262842297554016,True,True
patient00055/study3,patient00055/study3/view1_frontal.dcm,patient00055,43.0,Female,train,1,AP,MONOCHROME1,-0.10640230774879456,True,True
patient00055/study2,patient00055/study2/view1_frontal.dcm,patient00055,43.0,Female,train,2,PA,MONOCHROME2,-0.39070725440979004,True,True
patient00058/study1,patient00058/study1/view1_frontal.dcm,patient00058,65.0,Male,train,2,PA,MONOCHROME2,-0.21144919097423553,True,True
patient00064/study1,patient00064/study1/view1_frontal.dcm,patient00064,63.0,Male,train,1,AP,MONOCHROME1,0.07809990644454956,True,True
patient00067/study3,patient00067/study3/view1_frontal.dcm,patient00067,56.0,Female,train,2,PA,MONOCHROME1,0.12434801459312439,True,True
patient00067/study2,patient00067/study2/view1_frontal.dcm,patient00067,56.0,Female,train,1,AP,MONOCHROME1,0.08754533529281616,True,True
patient00067/study4,patient00067/study4/view1_frontal.dcm,patient00067,56.0,Female,train,1,AP,MONOCHROME1,0.11053135991096497,True,True
patient00067/study1,patient00067/study1/view1_frontal.dcm,patient00067,56.0,Female,train,1,AP,MONOCHROME1,0.08224448561668396,True,True
patient00068/study1,patient00068/study1/view1_frontal.dcm,patient00068,76.0,Male,train,1,AP,MONOCHROME1,-0.20472753047943115,True,True
patient00070/study1,patient00070/study1/view1_frontal.dcm,patient00070,42.0,Male,train,1,PA,MONOCHROME2,-0.3706199526786804,True,True
patient00076/study1,patient00076/study1/view1_frontal.dcm,patient00076,39.0,Female,train,1,AP,MONOCHROME1,0.03631884232163429,True,True
patient00078/study8,patient00078/study8/view1_frontal.dcm,patient00078,25.0,Male,train,1,AP,MONOCHROME1,0.13434141874313354,True,True
patient00078/study4,patient00078/study4/view1_frontal.dcm,patient00078,25.0,Male,train,1,AP,MONOCHROME1,0.0459454245865345,True,True
patient00078/study9,patient00078/study9/view1_frontal.dcm,patient00078,25.0,Male,train,1,AP,MONOCHROME1,-0.21726174652576447,True,True
patient00078/study7,patient00078/study7/view1_frontal.dcm,patient00078,25.0,Male,train,1,AP,MONOCHROME1,-0.04358571395277977,True,True
patient00078/study1,patient00078/study1/view1_frontal.dcm,patient00078,25.0,Male,train,1,AP,MONOCHROME1,0.055310312658548355,True,True
patient00078/study3,patient00078/study3/view1_frontal.dcm,patient00078,25.0,Male,train,1,AP,MONOCHROME1,-0.16679182648658752,True,True
patient00078/study6,patient00078/study6/view1_frontal.dcm,patient00078,25.0,Male,train,1,AP,MONOCHROME1,0.24069955945014954,True,True
patient00078/study5,patient00078/study5/view1_frontal.dcm,patient00078,25.0,Male,train,1,AP,MONOCHROME1,0.03945353999733925,True,True
patient00078/study2,patient00078/study2/view1_frontal.dcm,patient00078,25.0,Male,train,1,AP,MONOCHROME1,-0.15509861707687378,True,True
patient00079/study1,patient00079/study1/view1_frontal.dcm,patient00079,43.0,Male,train,2,PA,MONOCHROME1,-0.1778869330883026,True,True
patient00082/study1,patient00082/study1/view1_frontal.dcm,patient00082,18.0,Male,train,1,PA,MONOCHROME1,-0.27276867628097534,True,True
