study_key,dicom_path,deid_patient_id,age,sex,split,image_count,view_position,photometric,rows,columns,quality_hint_count,quality_hints,intensity_min,intensity_max,intensity_mean,intensity_std,contrast_proxy,noise_proxy,blur_proxy,sharpness_proxy,edge_density,entropy
patient00003/study1,patient00003/study1/view1_frontal.dcm,patient00003,41.0,Male,train,1,AP,MONOCHROME1,2320,2828,0,,0.0,1.0,0.33402520418167114,0.07624461501836777,0.26446886360645294,0.008425516076385975,0.9989347590275985,0.0010663769207894802,0.0010246976052285031,4.169795036315918
patient00007/study1,patient00007/study1/view1_frontal.dcm,patient00007,69.0,Male,train,1,AP,MONOCHROME1,2320,2828,2,low lung volume|low lung volumes,0.0,1.0,0.41493433713912964,0.18415102362632751,0.6473717559129,0.011944852769374847,0.9971820548917819,0.002825908362865448,0.001504200604789543,5.332072734832764
patient00007/study2,patient00007/study2/view1_frontal.dcm,patient00007,69.0,Male,train,1,AP,MONOCHROME1,2320,2828,2,low lung volume|low lung volumes,0.0,1.0,0.43914365768432617,0.09941060841083527,0.2764356732368469,0.0068414341658353806,0.9990920622432574,0.0009087628568522632,0.0045299773203921374,4.417574405670166
patient00009/study1,patient00009/study1/view1_frontal.dcm,patient00009,76.0,Male,train,2,PA,MONOCHROME2,1741,2012,0,,0.0,1.0,0.3128986358642578,0.061239514499902725,0.22865165770053864,0.004293948877602816,0.9997565376872541,0.0002435216010781005,0.0014279629517552925,3.5736074447631836
patient00016/study1,patient00016/study1/view1_frontal.dcm,patient00016,54.0,Female,train,2,PA,MONOCHROME2,2022,2022,2,low lung volume|low lung volumes,0.0,1.0,0.24253714084625244,0.0611037015914917,0.19026252627372742,0.0034214595798403025,0.9997921426637874,0.00020790054986719042,0.0006782465089749648,3.4246163368225098
patient00021/study1,patient00021/study1/view1_frontal.dcm,patient00021,36.0,Female,train,1,PA,MONOCHROME2,2022,2022,0,,0.0,1.0,0.5222415924072266,0.21310454607009888,0.7320541776716709,0.007891308516263962,0.9987895416917214,0.0012119252933189273,0.010429782775229155,5.231813430786133
patient00026/study1,patient00026/study1/view1_frontal.dcm,patient00026,42.0,Female,train,2,PA,MONOCHROME2,1751,2022,2,low lung volume|low lung volumes,0.0,1.0,0.30694863200187683,0.04688441380858421,0.13208813965320587,0.0045973071828484535,0.9996942580580529,0.0003058354486711323,0.0016977722494027716,3.3188717365264893
patient00027/study1,patient00027/study1/view1_frontal.dcm,patient00027,56.0,Male,train,2,PA,MONOCHROME2,2021,2021,2,low lung volume|low lung volumes,0.0,1.0,0.24869504570960999,0.06615281850099564,0.18507112562656403,0.0041075944900512695,0.9996827508236579,0.0003173498553223908,0.0011560945549219587,3.8498051166534424
patient00031/study3,patient00031/study3/view1_frontal.dcm,patient00031,88.0,Male,train,1,AP,MONOCHROME1,2320,2828,2,rotation|portable,0.0,1.0,0.28950831294059753,0.10337349027395248,0.34163614362478256,0.009263106621801853,0.9986963898159149,0.0013053118018433452,0.001193270497000439,4.660272598266602
patient00031/study1,patient00031/study1/view1_frontal.dcm,patient00031,88.0,Male,train,1,AP,MONOCHROME1,2320,2828,3,limited|rotation|portable,0.0,1.0,0.18459399044513702,0.08593127131462097,0.29450550489127636,0.010915757156908512,0.998194200185006,0.0018090666271746159,0.001549315953762864,4.196253776550293
patient00031/study2,patient00031/study2/view1_frontal.dcm,patient00031,88.0,Male,train,1,AP,MONOCHROME1,2320,2828,0,,0.0,1.0,0.2734358012676239,0.09337159246206284,0.3191697224974632,0.009750597178936005,0.9985956204587851,0.001406354596838355,0.0009951287616446374,4.402679443359375
patient00034/study1,patient00034/study1/view1_frontal.dcm,patient00034,45.0,Male,train,1,AP,MONOCHROME1,2800,3408,0,,0.0,1.0,0.41238346695899963,0.12123769521713257,0.4511527717113495,0.007191384211182594,0.9991558547129231,0.0008448584703728557,0.003513476693494299,4.688244342803955
patient00038/study1,patient00038/study1/view1_frontal.dcm,patient00038,78.0,Male,train,1,AP,MONOCHROME1,2320,2828,1,portable,0.0,1.0,0.32389524579048157,0.10392288118600845,0.40141914784908295,0.005658973008394241,0.9994107474739518,0.0005895999493077397,0.003683912110422865,4.5102057456970215
patient00038/study2,patient00038/study2/view1_frontal.dcm,patient00038,78.0,Male,train,1,AP,MONOCHROME1,2320,2828,0,,0.0,1.0,0.3362910747528076,0.10054999589920044,0.3484107702970505,0.006248419173061848,0.9992627146822249,0.0007378293084912002,0.006821562698141735,4.492324352264404
patient00038/study3,patient00038/study3/view1_frontal.dcm,patient00038,78.0,Male,train,1,AP,MONOCHROME1,2320,2828,0,,0.0,1.0,0.32228049635887146,0.08461379259824753,0.2529914528131485,0.005179951898753643,0.9995460761981627,0.00045412994222715497,0.0036476369311808027,4.283571243286133
patient00044/study4,patient00044/study4/view1_frontal.dcm,patient00044,49.0,Female,train,1,AP,MONOCHROME1,2048,2494,1,portable,0.0,1.0,0.4716230034828186,0.12062409520149231,0.48644690960645676,0.011770340614020824,0.9975676407526725,0.0024382900446653366,0.0014309733986567763,4.364177703857422
patient00044/study5,patient00044/study5/view1_frontal.dcm,patient00044,49.0,Female,train,1,AP,MONOCHROME1,2320,2828,0,,0.0,1.0,0.41793006658554077,0.07223087549209595,0.21367523074150085,0.010780083015561104,0.9981909636958693,0.001812314847484231,0.0015730929620055602,4.108728885650635
patient00044/study6,patient00044/study6/view1_frontal.dcm,patient00044,49.0,Female,train,2,PA,MONOCHROME2,2022,2022,0,,0.0,1.0,0.49934643507003784,0.11408022046089172,0.33815881609916687,0.0044789621606469154,0.9995815491404899,0.00041862603393383324,0.004658939597170981,4.275547027587891
patient00044/study7,patient00044/study7/view1_frontal.dcm,patient00044,49.0,Female,train,2,PA,MONOCHROME2,2022,2022,0,,0.0,1.0,0.284102201461792,0.05763954669237137,0.1475229263305664,0.0038534067571163177,0.9997806745869736,0.00021937352721579373,0.00017610439468516937,3.4242594242095947
patient00044/study3,patient00044/study3/view1_frontal.dcm,patient00044,49.0,Female,train,1,AP,MONOCHROME1,2320,2828,0,,0.0,1.0,0.3967343866825104,0.09413331001996994,0.2744810879230499,0.011049037799239159,0.9980835376691972,0.0019201422110199928,0.0015115166073257573,4.433133125305176
patient00044/study1,patient00044/study1/view1_frontal.dcm,patient00044,49.0,Female,train,1,AP,MONOCHROME1,2048,2494,1,portable,0.0,1.0,0.2941475510597229,0.07856881618499756,0.2332112342119217,0.010336893610656261,0.9983392389891796,0.0016635237261652946,0.0012171790422012831,4.091963291168213
patient00044/study2,patient00044/study2/view1_frontal.dcm,patient00044,49.0,Female,train,1,AP,MONOCHROME1,2320,2828,3,low lung volume|low lung volumes|portable,0.0,1.0,0.39206281304359436,0.07868918776512146,0.2271062135696411,0.010670367628335953,0.9982421753446348,0.0017609200440347195,0.0015173084426669268,4.146928310394287
patient00045/study1,patient00045/study1/view1_frontal.dcm,patient00045,69.0,Female,train,2,PA,MONOCHROME2,2022,1931,0,,0.0,1.0,0.55051589012146,0.07944786548614502,0.20827928185462952,0.006910440977662802,0.9993400770905182,0.0006603586953133345,0.0019662019187180273,4.063468933105469
patient00048/study1,patient00048/study1/view1_frontal.dcm,patient00048,45.0,Female,train,1,AP,MONOCHROME1,2320,2828,1,portable,0.0,1.0,0.2615649104118347,0.09970323741436005,0.32014652341604233,0.010331975296139717,0.9984150431037752,0.0015874729724600911,0.0012833487782275765,4.438599109649658
patient00049/study3,patient00049/study3/view1_frontal.dcm,patient00049,63.0,Male,train,1,AP,MONOCHROME1,2320,2828,1,portable,0.0,1.0,0.3323451280593872,0.09182193875312805,0.2808302789926529,0.005915122572332621,0.9993959112397209,0.0006044539040885866,0.005035086328829927,4.445760726928711
patient00049/study1,patient00049/study1/view1_frontal.dcm,patient00049,63.0,Male,train,1,AP,MONOCHROME1,2320,2828,3,low lung volume|low lung volumes|portable,0.0,1.0,0.31262287497520447,0.10223977267742157,0.3242979198694229,0.009787945076823235,0.9983769313778293,0.0016257072566077113,0.0011134041359801006,4.6062822341918945
patient00049/study2,patient00049/study2/view1_frontal.dcm,patient00049,63.0,Male,train,1,AP,MONOCHROME1,2320,2828,2,low lung volume|low lung volumes,0.0,1.0,0.34991374611854553,0.10571373999118805,0.4178266152739525,0.006124997511506081,0.9993601082241478,0.0006403014995157719,0.002890887918841145,4.425431251525879
patient00055/study1,patient00055/study1/view1_frontal.dcm,patient00055,43.0,Female,train,1,AP,MONOCHROME1,2320,2828,1,portable,0.0,1.0,0.2535015940666199,0.07700357586145401,0.20512820780277252,0.012154867872595787,0.9978846781750231,0.002119805896654725,0.0019160305808906015,4.009774208068848
patient00055/study3,patient00055/study3/view1_frontal.dcm,patient00055,43.0,Female,train,1,AP,MONOCHROME1,2320,2828,1,portable,0.0,1.0,0.3152044713497162,0.0974845141172409,0.28034187853336334,0.011004069820046425,0.9981940069369472,0.0018092605751007795,0.0013443154660293616,4.4576592445373535
patient00055/study2,patient00055/study2/view1_frontal.dcm,patient00055,43.0,Female,train,2,PA,MONOCHROME2,1751,2021,0,,0.0,1.0,0.6104081869125366,0.07871365547180176,0.22057801485061646,0.011225230060517788,0.9986272618651311,0.0013746251352131367,0.002448025034680119,4.142398357391357
patient00058/study1,patient00058/study1/view1_frontal.dcm,patient00058,65.0,Male,train,2,PA,MONOCHROME2,1751,2021,0,,0.0,1.0,0.28612247109413147,0.03988902270793915,0.10968688130378723,0.005746147129684687,0.9995842739532127,0.0004158989468123764,0.00282668757034575,3.208505868911743
patient00064/study1,patient00064/study1/view1_frontal.dcm,patient00064,63.0,Male,train,1,AP,MONOCHROME1,2320,2828,1,portable,0.0,1.0,0.24746695160865784,0.07914616167545319,0.3074481151998043,0.009497047401964664,0.9986431871133131,0.0013586563291028142,0.0010772813734575427,4.070577621459961
patient00067/study3,patient00067/study3/view1_frontal.dcm,patient00067,56.0,Female,train,2,PA,MONOCHROME1,2320,2828,0,,0.0,1.0,0.2261432558298111,0.12239869683980942,0.3909645937383175,0.008819428272545338,0.9988827764579551,0.001118473126552999,0.0010070172657659854,4.777625560760498
patient00067/study2,patient00067/study2/view1_frontal.dcm,patient00067,56.0,Female,train,1,AP,MONOCHROME1,2320,2828,3,rotated|low lung volume|low lung volumes,0.0,1.0,0.29451483488082886,0.13135381042957306,0.438339464366436,0.010674268938601017,0.9982971719072652,0.00170573266223073,0.0014456725844998292,4.941018581390381
patient00067/study4,patient00067/study4/view1_frontal.dcm,patient00067,56.0,Female,train,1,AP,MONOCHROME1,2320,2828,3,low lung volume|low lung volumes|portable,0.0,1.0,0.1915704756975174,0.10947389155626297,0.3474969556555152,0.008930385112762451,0.9987490246496215,0.0012525422498583794,0.0008724333024435449,4.503548622131348
patient00067/study1,patient00067/study1/view1_frontal.dcm,patient00067,56.0,Female,train,1,AP,MONOCHROME1,2320,2828,0,,0.0,1.0,0.30069053173065186,0.1243259385228157,0.4095238372683525,0.009558266960084438,0.99862080708948,0.0013810977106913924,0.0012549992683997464,4.899693012237549
patient00068/study1,patient00068/study1/view1_frontal.dcm,patient00068,76.0,Male,train,1,AP,MONOCHROME1,2320,2828,1,portable,0.0,1.0,0.27283039689064026,0.10489042103290558,0.3714285772293806,0.011275666765868664,0.9980043989097168,0.00199959147721529,0.0014234197434521776,4.359979152679443
patient00070/study1,patient00070/study1/view1_frontal.dcm,patient00070,42.0,Male,train,1,PA,MONOCHROME2,1752,2021,0,,0.0,1.0,0.25016242265701294,0.07374969124794006,0.19291439652442932,0.005966114811599255,0.9994641378181269,0.0005361494841054082,0.0010873273550098396,4.023042678833008
patient00076/study1,patient00076/study1/view1_frontal.dcm,patient00076,39.0,Female,train,1,AP,MONOCHROME1,2320,2828,5,limited|motion|low lung volume|low lung volumes|portable,0.0,1.0,0.3453100323677063,0.07680332660675049,0.2202686220407486,0.011213854886591434,0.9979654823519664,0.002038665348663926,0.0015913829683460957,4.158990383148193
patient00078/study8,patient00078/study8/view1_frontal.dcm,patient00078,25.0,Male,train,1,AP,MONOCHROME1,2320,2828,1,portable,0.0,1.0,0.3712899386882782,0.10187087208032608,0.30329670011997223,0.009366833604872227,0.9986397778593603,0.0013620748650282621,0.0015273679461542213,4.31876802444458
patient00078/study4,patient00078/study4/view1_frontal.dcm,patient00078,25.0,Male,train,1,AP,MONOCHROME1,2320,2828,1,portable,0.0,1.0,0.19115687906742096,0.08907753974199295,0.2913309019058943,0.011037934571504593,0.9982322698879227,0.0017708605155348778,0.001318404623713603,4.23169469833374
patient00078/study9,patient00078/study9/view1_frontal.dcm,patient00078,25.0,Male,train,1,AP,MONOCHROME1,2320,2828,0,,0.0,1.0,0.3334624469280243,0.0998767539858818,0.325274720788002,0.009653066284954548,0.9985794498151848,0.0014225710183382034,0.0011967760815490417,4.352313995361328
patient00078/study7,patient00078/study7/view1_frontal.dcm,patient00078,25.0,Male,train,1,AP,MONOCHROME1,2320,2828,0,,0.0,1.0,0.2583647072315216,0.09598731994628906,0.33064713701605797,0.009181912988424301,0.9987274349495148,0.0012741865357384086,0.0012646015217285275,4.215091228485107
patient00078/study1,patient00078/study1/view1_frontal.dcm,patient00078,25.0,Male,train,1,AP,MONOCHROME1,2048,2494,1,portable,0.0,1.0,0.296951025724411,0.09389029443264008,0.3025641068816185,0.012043815106153488,0.9976689625171774,0.0023364839144051075,0.002004615765336808,4.427300453186035
patient00078/study3,patient00078/study3/view1_frontal.dcm,patient00078,25.0,Male,train,1,AP,MONOCHROME1,2320,2828,1,portable,0.0,1.0,0.2668072283267975,0.09912727028131485,0.35164835676550865,0.011558576487004757,0.9980512246153249,0.0019525805255398154,0.0014161037409159635,4.330826282501221
patient00078/study6,patient00078/study6/view1_frontal.dcm,patient00078,25.0,Male,train,1,AP,MONOCHROME1,2320,2828,1,portable,0.0,1.0,0.33697807788848877,0.08345114439725876,0.2947496920824051,0.009286989457905293,0.9986805447272218,0.0013211985351517797,0.001502219187435985,4.141282081604004
patient00078/study5,patient00078/study5/view1_frontal.dcm,patient00078,25.0,Male,train,1,AP,MONOCHROME1,2320,2828,1,portable,0.0,1.0,0.3144814968109131,0.1105663850903511,0.4065934084355831,0.01015962939709425,0.9984141471088753,0.0015883718151599169,0.0011179766375652345,4.561262130737305
patient00078/study2,patient00078/study2/view1_frontal.dcm,patient00078,25.0,Male,train,1,AP,MONOCHROME1,2320,2828,1,portable,0.0,1.0,0.22513064742088318,0.09714984148740768,0.31330892257392406,0.013205760158598423,0.9975308941235422,0.0024752174504101276,0.002397362581085695,4.292982578277588
patient00079/study1,patient00079/study1/view1_frontal.dcm,patient00079,43.0,Male,train,2,PA,MONOCHROME1,2320,2828,0,,0.0,1.0,0.44172143936157227,0.1610260009765625,0.4739099442958832,0.005961824674159288,0.999276763921684,0.0007237595273181796,0.025340041701214455,5.233305931091309
patient00082/study1,patient00082/study1/view1_frontal.dcm,patient00082,18.0,Male,train,1,PA,MONOCHROME1,2320,2828,0,,0.0,1.0,0.5426168441772461,0.21403992176055908,0.6552188396453857,0.013853686861693859,0.9962794062407233,0.00373448827303946,0.001199519582500122,5.616303443908691
