study_key,dicom_path,judge_decision,judge_explanation,exact_label_match_count,partial_label_match_count,mismatch_label_count,evaluable_label_count,label_macro_score,disease_precision,disease_recall,disease_f1,all_label_precision,all_label_recall,all_label_f1,predicted_present_labels,ground_truth_present_labels,disease_false_positive_labels,disease_false_negative_labels,per_label_judgment_json,ground_truth_labels_json,predicted_labels_json,judge_failure_reasons_json,ground_truth_findings,ground_truth_impression,ground_truth_report_excerpt,prompt_version,route_next
patient00003/study1,patient00003/study1/view1_frontal.dcm,review,"Partial/uncertain matches: ['Atelectasis', 'Cardiomegaly', 'Lung Opacity', 'Enlarged Cardiomediastinum', 'Support Devices']",8,5,0,13,0.8076923076923077,1.0,1.0,1.0,1.0,1.0,1.0,"[""Edema""]","[""Edema""]",[],[],"[{""label"": ""Atelectasis"", ""predicted_status"": ""uncertain"", ""ground_truth_status"": ""absent"", ""match_type"": ""partial"", ""score"": 0.5, ""predicted_confidence"": 0.35, ""predicted_evidence"": ""Classifier status=uncertain. Classifier probability=0.2549023032188415. Rule=low-intermediate classifier probability. Retrieval positive mentions=4; negative mentions=0. Example positive retrieval sentence: with atelectasis"", ""ground_truth_evidence"": ""No report evidence found for this label.""}, {""label"": ""Cardiomegaly"", ""predicted_status"": ""uncertain"", ""ground_truth_status"": ""absent"", ""match_type"": ""partial"", ""score"": 0.5, ""predicted_confidence"": 0.45, ""predicted_evidence"": ""Classifier status=present. Classifier probability=0.5234156847000122. Rule=borderline classifier probability without enough retrieval support. Retrieval positive mentions=0; negative mentions=0."", ""ground_truth_evidence"": ""No report evidence found for this label.""}, {""label"": ""Consolidation"", ""predicted_status"": ""absent"", ""ground_truth_status"": ""absent"", ""match_type"": ""exact"", ""score"": 1.0, ""predicted_confidence"": 0.85, ""predicted_evidence"": ""Classifier status=absent. Classifier probability=0.0757380202412605. Rule=low classifier probability. Retrieval positive mentions=4; negative mentions=2. Example positive retrieval sentence: with worsening consolidation Example negative retrieval sentence: no focal pulmonary consolidation"", ""ground_truth_evidence"": ""No report evidence found for this label.""}, {""label"": ""Edema"", ""predicted_status"": ""present"", ""ground_truth_status"": ""present"", ""match_type"": ""exact"", ""score"": 1.0, ""predicted_confidence"": 0.6, ""predicted_evidence"": ""Classifier status=present. Classifier probability=0.546688437461853. Rule=borderline classifier probability with retrieval support. Retrieval positive mentions=6; negative mentions=4. Example positive retrieval sentence: the central vessels consistent with pulmonary venous hypertension Example negative retrieval sentence: no evidence of frank pulmonary edema is noted"", ""ground_truth_evidence"": ""the central vessels consistent with pulmonary venous hypertension""}, {""label"": ""Pleural Effusion"", ""predicted_status"": ""absent"", ""ground_truth_status"": ""absent"", ""match_type"": ""exact"", ""score"": 1.0, ""predicted_confidence"": 0.85, ""predicted_evidence"": ""Classifier status=absent. Classifier probability=0.103995494544506. Rule=low classifier probability. Retrieval positive mentions=8; negative mentions=2. Example positive retrieval sentence: large right pleural effusion Example negative retrieval sentence: no pneumothorax or pleural effusion"", ""ground_truth_evidence"": ""No report evidence found for this label.""}, {""label"": ""Pneumonia"", ""predicted_status"": ""absent"", ""ground_truth_status"": ""absent"", ""match_type"": ""exact"", ""score"": 1.0, ""predicted_confidence"": 0.85, ""predicted_evidence"": ""Classifier status=absent. Classifier probability=0.0329275205731391. Rule=low classifier probability. Retrieval positive mentions=0; negative mentions=0."", ""ground_truth_evidence"": ""No report evidence found for this label.""}, {""label"": ""Pneumothorax"", ""predicted_status"": ""absent"", ""ground_truth_status"": ""absent"", ""match_type"": ""exact"", ""score"": 1.0, ""predicted_confidence"": 0.85, ""predicted_evidence"": ""Classifier status=absent. Classifier probability=0.0313852615654468. Rule=low classifier probability. Retrieval positive mentions=0; negative mentions=4. Example negative retrieval sentence: no evidence of pneumothorax"", ""ground_truth_evidence"": ""no evidence of pneumothorax""}, {""label"": ""Fracture"", ""predicted_status"": ""absent"", ""ground_truth_status"": ""absent"", ""match_type"": ""exact"", ""score"": 1.0, ""predicted_confidence"": 0.85, ""predicted_evidence"": ""Classifier status=absent. Classifier probability=0.1477531641721725. Rule=low classifier probability. Retrieval positive mentions=0; negative mentions=0."", ""ground_truth_evidence"": ""No report evidence found for this label.""}, {""label"": ""Lung Lesion"", ""predicted_status"": ""absent"", ""ground_truth_status"": ""absent"", ""match_type"": ""exact"", ""score"": 1.0, ""predicted_confidence"": 0.85, ""predicted_evidence"": ""Classifier status=absent. Classifier probability=0.0218395218253135. Rule=low classifier probability. Retrieval positive mentions=0; negative mentions=0."", ""ground_truth_evidence"": ""No report evidence found for this label.""}, {""label"": ""Lung Opacity"", ""predicted_status"": ""uncertain"", ""ground_truth_status"": ""absent"", ""match_type"": ""partial"", ""score"": 0.5, ""predicted_confidence"": 0.35, ""predicted_evidence"": ""Classifier status=uncertain. Classifier probability=0.2103959023952484. Rule=low-intermediate classifier probability. Retrieval positive mentions=4; negative mentions=0. Example positive retrieval sentence: increased focal opacity in the left lower lung zone, consistent"", ""ground_truth_evidence"": ""No report evidence found for this label.""}, {""label"": ""Enlarged Cardiomediastinum"", ""predicted_status"": ""uncertain"", ""ground_truth_status"": ""absent"", ""match_type"": ""partial"", ""score"": 0.5, ""predicted_confidence"": 0.45, ""predicted_evidence"": ""Classifier status=present. Classifier probability=0.5094191431999207. Rule=borderline classifier probability without enough retrieval support. Retrieval positive mentions=0; negative mentions=0."", ""ground_truth_evidence"": ""No report evidence found for this label.""}, {""label"": ""Pleural Other"", ""predicted_status"": ""unavailable"", ""ground_truth_status"": ""absent"", ""match_type"": ""not_evaluable"", ""score"": null, ""predicted_confidence"": 0.0, ""predicted_evidence"": ""Classifier status=unavailable. Classifier probability=unavailable. Rule=classifier unavailable and retrieval support insufficient. Retrieval positive mentions=0; negative mentions=0."", ""ground_truth_evidence"": ""No report evidence found for this label.""}, {""label"": ""Support Devices"", ""predicted_status"": ""uncertain"", ""ground_truth_status"": ""absent"", ""match_type"": ""partial"", ""score"": 0.5, ""predicted_confidence"": 0.35, ""predicted_evidence"": ""Classifier status=unavailable. Classifier probability=unavailable. Rule=classifier unavailable with retrieval mentions. Retrieval positive mentions=8; negative mentions=0. Example positive retrieval sentence: redemonstrated right subclavian venous catheter, tip in the"", ""ground_truth_evidence"": ""No report evidence found for this label.""}, {""label"": ""No Finding"", ""predicted_status"": ""absent"", ""ground_truth_status"": ""absent"", ""match_type"": ""exact"", ""score"": 1.0, ""predicted_confidence"": 0.95, ""predicted_evidence"": ""No Finding is absent because disease-specific evidence is being evaluated."", ""ground_truth_evidence"": ""At least one finding is present or uncertain in the report-derived labels.""}]","[{""label"": ""Atelectasis"", ""status"": ""absent"", ""evidence"": ""No report evidence found for this label.""}, {""label"": ""Cardiomegaly"", ""status"": ""absent"", ""evidence"": ""No report evidence found for this label.""}, {""label"": ""Consolidation"", ""status"": ""absent"", ""evidence"": ""No report evidence found for this label.""}, {""label"": ""Edema"", ""status"": ""present"", ""evidence"": ""the central vessels consistent with pulmonary venous hypertension""}, {""label"": ""Pleural Effusion"", ""status"": ""absent"", ""evidence"": ""No report evidence found for this label.""}, {""label"": ""Pneumonia"", ""status"": ""absent"", ""evidence"": ""No report evidence found for this label.""}, {""label"": ""Pneumothorax"", ""status"": ""absent"", ""evidence"": ""no evidence of pneumothorax""}, {""label"": ""Fracture"", ""status"": ""absent"", ""evidence"": ""No report evidence found for this label.""}, {""label"": ""Lung Lesion"", ""status"": ""absent"", ""evidence"": ""No report evidence found for this label.""}, {""label"": ""Lung Opacity"", ""status"": ""absent"", ""evidence"": ""No report evidence found for this label.""}, {""label"": ""Enlarged Cardiomediastinum"", ""status"": ""absent"", ""evidence"": ""No report evidence found for this label.""}, {""label"": ""Pleural Other"", ""status"": ""absent"", ""evidence"": ""No report evidence found for this label.""}, {""label"": ""Support Devices"", ""status"": ""absent"", ""evidence"": ""No report evidence found for this label.""}, {""label"": ""No Finding"", ""status"": ""absent"", ""evidence"": ""At least one finding is present or uncertain in the report-derived labels.""}]","[{""label"": ""Atelectasis"", ""status"": ""uncertain"", ""confidence"": 0.35, ""evidence"": ""Classifier status=uncertain. Classifier probability=0.2549023032188415. Rule=low-intermediate classifier probability. Retrieval positive mentions=4; negative mentions=0. Example positive retrieval sentence: with atelectasis"", ""evidence_type"": ""combined""}, {""label"": ""Cardiomegaly"", ""status"": ""uncertain"", ""confidence"": 0.45, ""evidence"": ""Classifier status=present. Classifier probability=0.5234156847000122. Rule=borderline classifier probability without enough retrieval support. Retrieval positive mentions=0; negative mentions=0."", ""evidence_type"": ""combined""}, {""label"": ""Consolidation"", ""status"": ""absent"", ""confidence"": 0.85, ""evidence"": ""Classifier status=absent. Classifier probability=0.0757380202412605. Rule=low classifier probability. Retrieval positive mentions=4; negative mentions=2. Example positive retrieval sentence: with worsening consolidation Example negative retrieval sentence: no focal pulmonary consolidation"", ""evidence_type"": ""combined""}, {""label"": ""Edema"", ""status"": ""present"", ""confidence"": 0.6, ""evidence"": ""Classifier status=present. Classifier probability=0.546688437461853. Rule=borderline classifier probability with retrieval support. Retrieval positive mentions=6; negative mentions=4. Example positive retrieval sentence: the central vessels consistent with pulmonary venous hypertension Example negative retrieval sentence: no evidence of frank pulmonary edema is noted"", ""evidence_type"": ""combined""}, {""label"": ""Pleural Effusion"", ""status"": ""absent"", ""confidence"": 0.85, ""evidence"": ""Classifier status=absent. Classifier probability=0.103995494544506. Rule=low classifier probability. Retrieval positive mentions=8; negative mentions=2. Example positive retrieval sentence: large right pleural effusion Example negative retrieval sentence: no pneumothorax or pleural effusion"", ""evidence_type"": ""combined""}, {""label"": ""Pneumonia"", ""status"": ""absent"", ""confidence"": 0.85, ""evidence"": ""Classifier status=absent. Classifier probability=0.0329275205731391. Rule=low classifier probability. Retrieval positive mentions=0; negative mentions=0."", ""evidence_type"": ""combined""}, {""label"": ""Pneumothorax"", ""status"": ""absent"", ""confidence"": 0.85, ""evidence"": ""Classifier status=absent. Classifier probability=0.0313852615654468. Rule=low classifier probability. Retrieval positive mentions=0; negative mentions=4. Example negative retrieval sentence: no evidence of pneumothorax"", ""evidence_type"": ""combined""}, {""label"": ""Fracture"", ""status"": ""absent"", ""confidence"": 0.85, ""evidence"": ""Classifier status=absent. Classifier probability=0.1477531641721725. Rule=low classifier probability. Retrieval positive mentions=0; negative mentions=0."", ""evidence_type"": ""combined""}, {""label"": ""Lung Lesion"", ""status"": ""absent"", ""confidence"": 0.85, ""evidence"": ""Classifier status=absent. Classifier probability=0.0218395218253135. Rule=low classifier probability. Retrieval positive mentions=0; negative mentions=0."", ""evidence_type"": ""combined""}, {""label"": ""Lung Opacity"", ""status"": ""uncertain"", ""confidence"": 0.35, ""evidence"": ""Classifier status=uncertain. Classifier probability=0.2103959023952484. Rule=low-intermediate classifier probability. Retrieval positive mentions=4; negative mentions=0. Example positive retrieval sentence: increased focal opacity in the left lower lung zone, consistent"", ""evidence_type"": ""combined""}, {""label"": ""Enlarged Cardiomediastinum"", ""status"": ""uncertain"", ""confidence"": 0.45, ""evidence"": ""Classifier status=present. Classifier probability=0.5094191431999207. Rule=borderline classifier probability without enough retrieval support. Retrieval positive mentions=0; negative mentions=0."", ""evidence_type"": ""combined""}, {""label"": ""Pleural Other"", ""status"": ""unavailable"", ""confidence"": 0.0, ""evidence"": ""Classifier status=unavailable. Classifier probability=unavailable. Rule=classifier unavailable and retrieval support insufficient. Retrieval positive mentions=0; negative mentions=0."", ""evidence_type"": ""combined""}, {""label"": ""Support Devices"", ""status"": ""uncertain"", ""confidence"": 0.35, ""evidence"": ""Classifier status=unavailable. Classifier probability=unavailable. Rule=classifier unavailable with retrieval mentions. Retrieval positive mentions=8; negative mentions=0. Example positive retrieval sentence: redemonstrated right subclavian venous catheter, tip in the"", ""evidence_type"": ""combined""}, {""label"": ""No Finding"", ""status"": ""absent"", ""confidence"": 0.95, ""evidence"": ""No Finding is absent because disease-specific evidence is being evaluated."", ""evidence_type"": ""combined""}]","[""Partial/uncertain matches: ['Atelectasis', 'Cardiomegaly', 'Lung Opacity', 'Enlarged Cardiomediastinum', 'Support Devices']""]",,,"Age: 76
Sex: Male
Race: White
Ethnicity: Hispanic/Latino
Comparison: None.
Findings: Single AP portable view of the chest demonstrates cephalization of
the central vessels consistent with pulmonary venous hypertension.
No evidence of frank pulmonary edema is noted. Cardiomediastinal
silhouette appears unremarkable. Lungs are clear bilaterally.
Visualized bones are intact. No soft tissue abnormalities are
appreciated.
Impression: 1. NO EVIDENCE OF PNEUMOTHORAX.
2. CEPHALIZATION OF CENTRAL VESSELS SUGGESTIVE OF PULMONARY VENOUS
HYPERTENSION WITH NO FRANK PULMONARY EDEMA.
Summary: 2: Abnormal, previously reported.
I have personally reviewed the images for this examination and agree
with the report transcribed above.
By: STEVENS NICODEMUS, MD  on: 12-5-19
 __________________________________
Narrative: PORTABLE CHEST, SINGLE AP VIEW: 12/5/2019.
Full report: NARRATIVE:
PORTABLE CHEST, SINGLE AP VIEW: 12/5/2019.
COMPARISON:
None.
FINDINGS:
Single AP portable view of the chest demonstrates cephalization of
the central vessels consistent with pulmonary venous hypertension.
No evidence of frank pulmonary edema is noted. Cardiomediastinal
silhouette appears unremarkable. Lungs are clear bilaterally.
Visualized bones are intact. No soft tissue abnormalities are
appreciated.
IMPRESSION:
1. NO EVIDENCE OF PNEUMOTHORAX.
2. CEPHALIZATION OF CENTRAL VESSELS SUGGESTIVE OF PULMONARY VENOUS
HYPERTENSION WITH NO FRANK PULMONARY EDEMA.
END OF IMPRESSION:
SUMMARY 2: Abnormal, previously reported.
I have personally reviewed the images for this examination and agree
with the report transcribed above.
By: STEVENS NICODEMUS, MD  on: 12-5-19
 __________________________________
 
ACCESSION NUMBER:
#H71667I2981
This report has been anonymized. All dates are offset from the actual dates by a fixed interval associated with the patient.",judge_agent_v1_deterministic_report_label_eval,complete
